,value,date
0,1,1990-01-08
1,1,1990-01-09
2,2,1990-01-11
4,1,1990-01-12
5,1,1990-02-02
6,1,1990-02-06
7,1,1990-02-22
8,1,1990-03-01
9,1,1990-03-02
10,1,1990-03-03
11,1,1990-03-08
12,3,1990-03-09
15,1,1990-03-13
16,1,1990-03-19
17,1,1990-03-22
18,1,1990-04-04
19,2,1990-04-07
21,1,1990-04-09
22,1,1990-04-15
23,1,1990-04-16
24,1,1990-04-18
25,3,1990-04-19
28,1,1990-04-20
29,2,1990-04-23
31,1,1990-04-24
32,2,1990-04-25
34,1,1990-04-26
35,2,1990-04-27
37,1,1990-04-28
38,1,1990-04-29
39,1,1990-04-30
40,2,1990-05-01
42,1,1990-05-02
43,1,1990-05-03
44,3,1990-05-05
47,2,1990-05-07
49,2,1990-05-08
51,2,1990-05-10
53,1,1990-05-11
54,4,1990-05-13
58,2,1990-05-14
60,4,1990-05-15
64,2,1990-05-16
66,1,1990-05-18
67,1,1990-05-19
68,1,1990-05-20
69,2,1990-05-22
71,1,1990-05-23
72,2,1990-05-24
74,4,1990-05-26
78,3,1990-05-27
81,4,1990-05-29
85,2,1990-05-30
87,2,1990-05-31
89,2,1990-06-01
91,1,1990-06-04
92,1,1990-06-05
93,1,1990-06-06
94,3,1990-06-07
97,1,1990-06-08
98,2,1990-06-09
100,1,1990-06-11
101,2,1990-06-12
103,3,1990-06-14
106,1,1990-06-17
107,1,1990-06-18
108,2,1990-06-19
110,1,1990-06-20
111,1,1990-06-21
112,1,1990-06-22
113,5,1990-06-23
118,2,1990-06-26
120,1,1990-06-27
121,2,1990-06-28
123,1,1990-06-30
124,1,1990-07-01
125,2,1990-07-03
127,1,1990-07-05
128,2,1990-07-06
130,1,1990-07-07
131,4,1990-07-08
135,1,1990-07-09
136,2,1990-07-10
138,3,1990-07-11
141,1,1990-07-12
142,2,1990-07-13
144,2,1990-07-15
146,4,1990-07-16
150,2,1990-07-17
152,1,1990-07-19
153,1,1990-07-20
154,1,1990-07-21
155,1,1990-07-22
156,3,1990-07-23
159,1,1990-07-24
160,1,1990-07-25
161,2,1990-07-26
163,1,1990-07-28
164,3,1990-07-29
167,2,1990-07-30
169,1,1990-07-31
170,2,1990-08-01
172,2,1990-08-02
174,1,1990-08-03
175,2,1990-08-04
177,3,1990-08-05
180,3,1990-08-06
183,3,1990-08-09
186,1,1990-08-10
187,2,1990-08-12
189,2,1990-08-13
191,2,1990-08-15
193,2,1990-08-16
195,2,1990-08-17
197,2,1990-08-18
199,2,1990-08-19
201,2,1990-08-20
203,2,1990-08-21
205,1,1990-08-22
206,2,1990-08-23
208,4,1990-08-24
212,3,1990-08-25
215,3,1990-08-27
218,4,1990-08-28
222,3,1990-08-29
225,3,1990-08-30
228,5,1990-08-31
233,3,1990-09-01
236,1,1990-09-03
237,1,1990-09-04
238,3,1990-09-05
241,4,1990-09-06
245,4,1990-09-07
249,1,1990-09-09
250,9,1990-09-10
259,1,1990-09-11
260,3,1990-09-12
263,2,1990-09-13
265,3,1990-09-14
268,2,1990-09-15
270,2,1990-09-16
272,4,1990-09-17
276,4,1990-09-18
280,2,1990-09-20
282,4,1990-09-21
286,5,1990-09-22
291,2,1990-09-23
293,2,1990-09-24
295,4,1990-09-25
299,3,1990-09-26
302,5,1990-09-27
307,2,1990-09-28
309,5,1990-09-30
314,2,1990-10-01
316,1,1990-10-02
317,1,1990-10-04
318,1,1990-10-05
319,1,1990-10-06
320,1,1990-10-07
321,1,1990-10-09
322,5,1990-10-10
327,2,1990-10-11
329,5,1990-10-12
334,2,1990-10-13
336,1,1990-10-14
337,5,1990-10-15
342,1,1990-10-17
343,4,1990-10-18
347,2,1990-10-19
349,1,1990-10-20
350,2,1990-10-21
352,7,1990-10-22
359,3,1990-10-23
362,14,1990-10-24
376,7,1990-10-25
383,2,1990-10-26
385,2,1990-10-27
387,1,1990-10-28
388,1,1990-10-29
389,1,1990-10-30
390,3,1990-10-31
393,1,1990-11-01
394,3,1990-11-02
397,1,1990-11-03
398,3,1990-11-04
401,2,1990-11-05
403,4,1990-11-06
407,3,1990-11-07
410,4,1990-11-08
414,4,1990-11-09
418,2,1990-11-10
420,2,1990-11-11
422,3,1990-11-12
425,1,1990-11-13
426,1,1990-11-14
427,2,1990-11-16
429,1,1990-11-17
430,1,1990-11-18
431,2,1990-11-19
433,1,1990-11-21
434,1,1990-11-24
435,2,1990-11-26
437,3,1990-11-27
440,1,1990-11-28
441,1,1990-11-30
442,4,1990-12-03
446,2,1990-12-04
448,1,1990-12-05
449,1,1990-12-08
450,1,1990-12-09
451,2,1990-12-11
453,1,1990-12-13
454,2,1990-12-17
456,3,1990-12-20
459,1,1990-12-21
460,1,1990-12-22
461,1,1990-12-23
462,1,1990-12-24
463,1,1991-01-01
464,1,1991-01-02
465,1,1991-01-04
466,1,1991-01-05
467,2,1991-01-06
469,1,1991-01-07
470,1,1991-01-09
471,1,1991-01-14
472,1,1991-01-16
473,1,1991-01-19
474,1,1991-01-21
475,1,1991-01-22
476,2,1991-01-23
478,1,1991-01-24
479,1,1991-01-25
480,2,1991-01-31
482,2,1991-02-05
484,1,1991-02-07
485,1,1991-02-11
486,1,1991-02-19
487,2,1991-02-22
489,1,1991-02-23
490,2,1991-02-24
492,1,1991-02-26
493,2,1991-02-28
495,1,1991-03-03
496,2,1991-03-05
498,2,1991-03-06
500,1,1991-03-07
501,1,1991-03-08
502,1,1991-03-12
503,1,1991-03-13
504,1,1991-03-16
505,2,1991-03-18
507,3,1991-03-19
510,3,1991-03-20
513,1,1991-03-21
514,1,1991-03-22
515,1,1991-03-23
516,1,1991-03-24
517,2,1991-03-25
519,1,1991-03-26
520,2,1991-03-28
522,3,1991-03-29
525,1,1991-03-31
526,1,1991-04-04
527,1,1991-04-06
528,3,1991-04-07
531,2,1991-04-08
533,2,1991-04-09
535,1,1991-04-10
536,1,1991-04-12
537,3,1991-04-15
540,1,1991-04-16
541,5,1991-04-17
546,2,1991-04-18
548,1,1991-04-19
549,1,1991-04-21
550,1,1991-04-22
551,1,1991-04-23
552,3,1991-04-24
555,3,1991-04-25
558,2,1991-04-28
560,2,1991-05-01
562,2,1991-05-02
564,4,1991-05-03
568,3,1991-05-04
571,2,1991-05-05
573,3,1991-05-06
576,5,1991-05-07
581,2,1991-05-08
583,5,1991-05-09
588,3,1991-05-10
591,2,1991-05-11
593,3,1991-05-12
596,2,1991-05-13
598,2,1991-05-14
600,4,1991-05-15
604,1,1991-05-16
605,1,1991-05-17
606,1,1991-05-18
607,4,1991-05-19
611,3,1991-05-20
614,3,1991-05-22
617,1,1991-05-27
618,3,1991-05-29
621,2,1991-05-31
623,2,1991-06-02
625,1,1991-06-03
626,1,1991-06-05
627,1,1991-06-06
628,1,1991-06-07
629,1,1991-06-08
630,2,1991-06-09
632,1,1991-06-10
633,4,1991-06-11
637,1,1991-06-12
638,1,1991-06-13
639,1,1991-06-14
640,1,1991-06-15
641,1,1991-06-16
642,3,1991-06-17
645,1,1991-06-18
646,1,1991-06-19
647,1,1991-06-20
648,3,1991-06-22
651,2,1991-06-25
653,1,1991-06-26
654,1,1991-06-28
655,1,1991-06-29
656,1,1991-07-01
657,1,1991-07-02
658,3,1991-07-03
661,1,1991-07-05
662,2,1991-07-08
664,2,1991-07-09
666,3,1991-07-10
669,1,1991-07-11
670,2,1991-07-12
672,4,1991-07-13
676,2,1991-07-14
678,2,1991-07-16
680,2,1991-07-17
682,3,1991-07-18
685,1,1991-07-20
686,1,1991-07-22
687,2,1991-07-23
689,3,1991-07-24
692,1,1991-07-26
693,1,1991-07-27
694,2,1991-07-29
696,1,1991-07-31
697,2,1991-08-01
699,2,1991-08-02
701,4,1991-08-03
705,2,1991-08-04
707,2,1991-08-05
709,2,1991-08-06
711,4,1991-08-07
715,2,1991-08-08
717,2,1991-08-09
719,3,1991-08-11
722,3,1991-08-12
725,4,1991-08-15
729,2,1991-08-16
731,3,1991-08-17
734,3,1991-08-18
737,5,1991-08-19
742,2,1991-08-20
744,1,1991-08-21
745,1,1991-08-22
746,1,1991-08-23
747,1,1991-08-24
748,1,1991-08-25
749,3,1991-08-26
752,4,1991-08-28
756,5,1991-08-29
761,3,1991-08-30
764,2,1991-08-31
766,7,1991-09-01
773,4,1991-09-02
777,3,1991-09-03
780,5,1991-09-04
785,4,1991-09-05
789,1,1991-09-06
790,5,1991-09-07
795,3,1991-09-08
798,2,1991-09-09
800,4,1991-09-10
804,2,1991-09-11
806,6,1991-09-12
812,1,1991-09-13
813,1,1991-09-14
814,2,1991-09-15
816,2,1991-09-16
818,6,1991-09-17
824,4,1991-09-18
828,4,1991-09-19
832,7,1991-09-20
839,3,1991-09-21
842,5,1991-09-23
847,2,1991-09-24
849,2,1991-09-25
851,5,1991-09-26
856,1,1991-09-27
857,6,1991-09-30
863,1,1991-10-01
864,1,1991-10-02
865,3,1991-10-03
868,1,1991-10-04
869,2,1991-10-05
871,4,1991-10-06
875,5,1991-10-07
880,4,1991-10-08
884,4,1991-10-09
888,5,1991-10-10
893,4,1991-10-11
897,1,1991-10-12
898,3,1991-10-13
901,2,1991-10-14
903,4,1991-10-15
907,4,1991-10-16
911,3,1991-10-17
914,1,1991-10-18
915,1,1991-10-19
916,3,1991-10-20
919,2,1991-10-22
921,1,1991-10-23
922,1,1991-10-24
923,3,1991-10-25
926,2,1991-10-26
928,4,1991-10-29
932,3,1991-10-30
935,2,1991-10-31
937,2,1991-11-01
939,1,1991-11-02
940,6,1991-11-03
946,6,1991-11-04
952,1,1991-11-05
953,3,1991-11-06
956,1,1991-11-07
957,6,1991-11-08
963,1,1991-11-09
964,1,1991-11-10
965,5,1991-11-11
970,3,1991-11-12
973,1,1991-11-13
974,2,1991-11-14
976,1,1991-11-15
977,3,1991-11-16
980,3,1991-11-17
983,1,1991-11-18
984,1,1991-11-19
985,1,1991-11-20
986,5,1991-11-22
991,2,1991-11-23
993,1,1991-11-24
994,2,1991-11-25
996,3,1991-11-26
999,1,1991-11-27
1000,2,1991-12-04
1002,2,1991-12-05
1004,2,1991-12-06
1006,1,1991-12-07
1007,1,1991-12-09
1008,2,1991-12-10
1010,3,1991-12-11
1013,4,1991-12-12
1017,2,1991-12-13
1019,1,1991-12-17
1020,1,1991-12-18
1021,1,1991-12-19
1022,1,1991-12-20
1023,2,1991-12-21
1025,2,1991-12-22
1027,2,1991-12-24
1029,1,1991-12-25
1030,2,1991-12-30
1032,2,1991-12-31
1034,1,1992-01-02
1035,2,1992-01-03
1037,1,1992-01-05
1038,1,1992-01-07
1039,1,1992-01-10
1040,1,1992-01-12
1041,3,1992-01-17
1044,1,1992-01-19
1045,1,1992-01-20
1046,2,1992-01-24
1048,1,1992-01-25
1049,1,1992-01-28
1050,3,1992-01-29
1053,1,1992-01-30
1054,1,1992-01-31
1055,1,1992-02-02
1056,1,1992-02-04
1057,1,1992-02-07
1058,1,1992-02-11
1059,1,1992-02-15
1060,1,1992-02-16
1061,2,1992-02-17
1063,3,1992-02-18
1066,1,1992-02-20
1067,1,1992-02-21
1068,1,1992-02-23
1069,2,1992-02-28
1071,1,1992-02-29
1072,1,1992-03-04
1073,1,1992-03-05
1074,3,1992-03-06
1077,1,1992-03-08
1078,3,1992-03-09
1081,1,1992-03-10
1082,3,1992-03-11
1085,2,1992-03-15
1087,1,1992-03-21
1088,3,1992-03-24
1091,1,1992-03-26
1092,1,1992-03-27
1093,2,1992-03-30
1095,1,1992-03-31
1096,2,1992-04-03
1098,1,1992-04-06
1099,1,1992-04-07
1100,1,1992-04-08
1101,4,1992-04-09
1105,1,1992-04-10
1106,1,1992-04-11
1107,1,1992-04-12
1108,4,1992-04-13
1112,4,1992-04-14
1116,1,1992-04-15
1117,1,1992-04-16
1118,3,1992-04-17
1121,2,1992-04-19
1123,2,1992-04-20
1125,3,1992-04-21
1128,2,1992-04-22
1130,7,1992-04-23
1137,4,1992-04-25
1141,4,1992-04-27
1145,2,1992-04-28
1147,1,1992-04-29
1148,3,1992-04-30
1151,2,1992-05-01
1153,3,1992-05-02
1156,2,1992-05-03
1158,3,1992-05-06
1161,3,1992-05-07
1164,3,1992-05-08
1167,5,1992-05-09
1172,3,1992-05-11
1175,3,1992-05-12
1178,5,1992-05-13
1183,3,1992-05-14
1186,2,1992-05-15
1188,2,1992-05-16
1190,3,1992-05-17
1193,2,1992-05-18
1195,1,1992-05-19
1196,3,1992-05-20
1199,5,1992-05-21
1204,2,1992-05-22
1206,1,1992-05-24
1207,5,1992-05-25
1212,2,1992-05-26
1214,7,1992-05-27
1221,7,1992-05-28
1228,2,1992-05-29
1230,6,1992-05-30
1236,3,1992-06-01
1239,3,1992-06-02
1242,1,1992-06-03
1243,2,1992-06-04
1245,3,1992-06-05
1248,1,1992-06-06
1249,2,1992-06-07
1251,1,1992-06-08
1252,4,1992-06-09
1256,4,1992-06-11
1260,2,1992-06-12
1262,1,1992-06-13
1263,3,1992-06-14
1266,6,1992-06-15
1272,7,1992-06-16
1279,1,1992-06-18
1280,2,1992-06-19
1282,2,1992-06-20
1284,3,1992-06-21
1287,3,1992-06-22
1290,1,1992-06-23
1291,1,1992-06-24
1292,4,1992-06-25
1296,1,1992-06-26
1297,2,1992-06-27
1299,1,1992-06-29
1300,1,1992-06-30
1301,3,1992-07-01
1304,2,1992-07-03
1306,1,1992-07-04
1307,1,1992-07-06
1308,2,1992-07-07
1310,3,1992-07-08
1313,1,1992-07-09
1314,6,1992-07-10
1320,1,1992-07-11
1321,2,1992-07-12
1323,2,1992-07-14
1325,2,1992-07-15
1327,3,1992-07-16
1330,1,1992-07-17
1331,2,1992-07-18
1333,2,1992-07-19
1335,1,1992-07-20
1336,1,1992-07-21
1337,1,1992-07-22
1338,3,1992-07-23
1341,3,1992-07-24
1344,3,1992-07-25
1347,2,1992-07-26
1349,2,1992-07-27
1351,4,1992-07-28
1355,2,1992-07-29
1357,1,1992-07-30
1358,3,1992-07-31
1361,3,1992-08-01
1364,1,1992-08-02
1365,3,1992-08-03
1368,1,1992-08-04
1369,5,1992-08-05
1374,2,1992-08-06
1376,4,1992-08-07
1380,6,1992-08-08
1386,3,1992-08-10
1389,1,1992-08-11
1390,2,1992-08-12
1392,4,1992-08-13
1396,4,1992-08-14
1400,4,1992-08-15
1404,3,1992-08-16
1407,3,1992-08-17
1410,1,1992-08-18
1411,3,1992-08-19
1414,5,1992-08-20
1419,3,1992-08-21
1422,3,1992-08-22
1425,2,1992-08-24
1427,2,1992-08-25
1429,5,1992-08-26
1434,5,1992-08-27
1439,7,1992-08-28
1446,1,1992-08-29
1447,5,1992-08-30
1452,3,1992-08-31
1455,2,1992-09-01
1457,4,1992-09-02
1461,2,1992-09-03
1463,5,1992-09-04
1468,1,1992-09-05
1469,2,1992-09-06
1471,3,1992-09-07
1474,3,1992-09-08
1477,4,1992-09-09
1481,7,1992-09-10
1488,5,1992-09-11
1493,2,1992-09-12
1495,3,1992-09-13
1498,1,1992-09-15
1499,1,1992-09-16
1500,4,1992-09-17
1504,1,1992-09-18
1505,3,1992-09-19
1508,4,1992-09-20
1512,5,1992-09-22
1517,7,1992-09-23
1524,4,1992-09-24
1528,1,1992-09-25
1529,2,1992-09-26
1531,4,1992-09-27
1535,5,1992-09-28
1540,3,1992-09-29
1543,1,1992-09-30
1544,2,1992-10-01
1546,3,1992-10-02
1549,2,1992-10-03
1551,3,1992-10-04
1554,8,1992-10-05
1562,6,1992-10-06
1568,1,1992-10-07
1569,4,1992-10-08
1573,4,1992-10-09
1577,1,1992-10-10
1578,4,1992-10-11
1582,2,1992-10-12
1584,3,1992-10-13
1587,1,1992-10-14
1588,2,1992-10-15
1590,5,1992-10-16
1595,3,1992-10-17
1598,2,1992-10-18
1600,3,1992-10-19
1603,1,1992-10-20
1604,2,1992-10-21
1606,6,1992-10-22
1612,3,1992-10-24
1615,1,1992-10-25
1616,4,1992-10-26
1620,4,1992-10-27
1624,2,1992-10-28
1626,1,1992-10-30
1627,5,1992-10-31
1632,1,1992-11-01
1633,3,1992-11-03
1636,2,1992-11-04
1638,1,1992-11-05
1639,2,1992-11-06
1641,1,1992-11-07
1642,2,1992-11-09
1644,2,1992-11-10
1646,1,1992-11-11
1647,2,1992-11-12
1649,3,1992-11-15
1652,1,1992-11-19
1653,2,1992-11-20
1655,1,1992-11-21
1656,1,1992-11-23
1657,1,1992-11-24
1658,3,1992-11-26
1661,1,1992-11-28
1662,2,1992-11-29
1664,3,1992-11-30
1667,4,1992-12-01
1671,1,1992-12-03
1672,2,1992-12-04
1674,1,1992-12-05
1675,1,1992-12-15
1676,1,1992-12-16
1677,3,1992-12-18
1680,1,1992-12-19
1681,1,1992-12-20
1682,1,1992-12-21
1683,3,1992-12-22
1686,1,1992-12-23
1687,2,1992-12-27
1689,2,1992-12-28
1691,1,1993-01-02
1692,1,1993-01-05
1693,1,1993-01-09
1694,2,1993-01-10
1696,2,1993-01-11
1698,1,1993-01-12
1699,3,1993-01-20
1702,1,1993-01-21
1703,1,1993-01-24
1704,2,1993-01-25
1706,1,1993-01-26
1707,1,1993-01-27
1708,1,1993-01-28
1709,1,1993-01-29
1710,1,1993-02-02
1711,2,1993-02-03
1713,1,1993-02-07
1714,1,1993-02-08
1715,1,1993-02-09
1716,1,1993-02-10
1717,1,1993-02-11
1718,1,1993-02-12
1719,1,1993-02-15
1720,1,1993-02-17
1721,3,1993-02-23
1724,2,1993-02-25
1726,1,1993-02-27
1727,1,1993-03-01
1728,1,1993-03-03
1729,1,1993-03-09
1730,2,1993-03-10
1732,2,1993-03-11
1734,1,1993-03-16
1735,1,1993-03-18
1736,1,1993-03-20
1737,1,1993-03-21
1738,2,1993-03-23
1740,3,1993-03-25
1743,1,1993-03-26
1744,2,1993-03-29
1746,4,1993-03-30
1750,2,1993-03-31
1752,3,1993-04-01
1755,2,1993-04-02
1757,1,1993-04-04
1758,2,1993-04-06
1760,2,1993-04-07
1762,4,1993-04-08
1766,2,1993-04-12
1768,3,1993-04-13
1771,4,1993-04-14
1775,3,1993-04-15
1778,2,1993-04-16
1780,2,1993-04-17
1782,3,1993-04-18
1785,8,1993-04-19
1793,1,1993-04-20
1794,1,1993-04-21
1795,7,1993-04-22
1802,3,1993-04-23
1805,2,1993-04-24
1807,1,1993-04-25
1808,2,1993-04-26
1810,2,1993-04-27
1812,9,1993-04-28
1821,2,1993-04-29
1823,3,1993-04-30
1826,3,1993-05-01
1829,2,1993-05-02
1831,3,1993-05-03
1834,6,1993-05-04
1840,3,1993-05-05
1843,3,1993-05-06
1846,1,1993-05-07
1847,3,1993-05-08
1850,3,1993-05-09
1853,5,1993-05-10
1858,6,1993-05-11
1864,1,1993-05-12
1865,1,1993-05-13
1866,3,1993-05-14
1869,3,1993-05-15
1872,1,1993-05-17
1873,2,1993-05-18
1875,4,1993-05-19
1879,2,1993-05-20
1881,2,1993-05-21
1883,1,1993-05-22
1884,3,1993-05-24
1887,4,1993-05-25
1891,2,1993-05-26
1893,2,1993-05-27
1895,2,1993-05-29
1897,1,1993-05-30
1898,2,1993-05-31
1900,4,1993-06-01
1904,2,1993-06-03
1906,2,1993-06-05
1908,2,1993-06-06
1910,2,1993-06-08
1912,1,1993-06-09
1913,1,1993-06-10
1914,2,1993-06-14
1916,5,1993-06-15
1921,5,1993-06-16
1926,4,1993-06-19
1930,2,1993-06-20
1932,2,1993-06-22
1934,1,1993-06-23
1935,2,1993-06-24
1937,1,1993-06-26
1938,2,1993-06-27
1940,2,1993-06-28
1942,3,1993-06-29
1945,2,1993-06-30
1947,3,1993-07-01
1950,3,1993-07-02
1953,3,1993-07-03
1956,2,1993-07-04
1958,2,1993-07-05
1960,4,1993-07-06
1964,4,1993-07-07
1968,1,1993-07-08
1969,2,1993-07-09
1971,1,1993-07-11
1972,3,1993-07-12
1975,4,1993-07-13
1979,1,1993-07-14
1980,2,1993-07-15
1982,3,1993-07-17
1985,1,1993-07-18
1986,1,1993-07-19
1987,2,1993-07-20
1989,2,1993-07-21
1991,2,1993-07-22
1993,7,1993-07-23
2000,3,1993-07-24
2003,2,1993-07-25
2005,4,1993-07-26
2009,3,1993-07-27
2012,1,1993-07-28
2013,4,1993-07-29
2017,6,1993-07-30
2023,1,1993-07-31
2024,5,1993-08-01
2029,2,1993-08-02
2031,3,1993-08-03
2034,4,1993-08-04
2038,1,1993-08-05
2039,2,1993-08-06
2041,2,1993-08-07
2043,4,1993-08-08
2047,6,1993-08-09
2053,4,1993-08-10
2057,2,1993-08-11
2059,1,1993-08-12
2060,5,1993-08-13
2065,5,1993-08-14
2070,4,1993-08-15
2074,4,1993-08-16
2078,1,1993-08-17
2079,6,1993-08-18
2085,1,1993-08-19
2086,8,1993-08-20
2094,2,1993-08-21
2096,3,1993-08-22
2099,1,1993-08-23
2100,5,1993-08-24
2105,2,1993-08-25
2107,1,1993-08-27
2108,6,1993-08-28
2114,4,1993-08-29
2118,4,1993-08-30
2122,5,1993-08-31
2127,3,1993-09-01
2130,1,1993-09-02
2131,8,1993-09-03
2139,3,1993-09-04
2142,2,1993-09-06
2144,2,1993-09-07
2146,4,1993-09-08
2150,2,1993-09-09
2152,1,1993-09-10
2153,2,1993-09-13
2155,1,1993-09-14
2156,4,1993-09-15
2160,4,1993-09-16
2164,2,1993-09-17
2166,4,1993-09-18
2170,3,1993-09-19
2173,6,1993-09-20
2179,5,1993-09-21
2184,2,1993-09-22
2186,3,1993-09-23
2189,4,1993-09-24
2193,6,1993-09-25
2199,4,1993-09-26
2203,7,1993-09-27
2210,5,1993-09-28
2215,4,1993-09-29
2219,2,1993-09-30
2221,6,1993-10-01
2227,3,1993-10-02
2230,3,1993-10-03
2233,2,1993-10-04
2235,4,1993-10-05
2239,4,1993-10-06
2243,2,1993-10-07
2245,2,1993-10-08
2247,2,1993-10-09
2249,6,1993-10-10
2255,3,1993-10-13
2258,2,1993-10-14
2260,2,1993-10-15
2262,1,1993-10-17
2263,6,1993-10-18
2269,1,1993-10-19
2270,3,1993-10-20
2273,5,1993-10-21
2278,3,1993-10-22
2281,1,1993-10-23
2282,3,1993-10-24
2285,4,1993-10-25
2289,5,1993-10-26
2294,3,1993-10-27
2297,3,1993-10-28
2300,2,1993-10-30
2302,2,1993-10-31
2304,3,1993-11-01
2307,2,1993-11-02
2309,4,1993-11-03
2313,1,1993-11-04
2314,3,1993-11-05
2317,4,1993-11-07
2321,1,1993-11-08
2322,2,1993-11-09
2324,3,1993-11-10
2327,2,1993-11-11
2329,2,1993-11-12
2331,2,1993-11-13
2333,1,1993-11-15
2334,3,1993-11-16
2337,1,1993-11-17
2338,1,1993-11-18
2339,3,1993-11-19
2342,1,1993-11-21
2343,1,1993-11-22
2344,1,1993-11-23
2345,1,1993-11-25
2346,1,1993-11-27
2347,2,1993-11-29
2349,2,1993-11-30
2351,2,1993-12-01
2353,1,1993-12-04
2354,1,1993-12-08
2355,3,1993-12-12
2358,1,1993-12-14
2359,2,1993-12-15
2361,1,1993-12-17
2362,1,1993-12-18
2363,1,1993-12-19
2364,1,1993-12-22
2365,2,1993-12-29
2367,1,1993-12-31
2368,2,1994-01-01
2370,2,1994-01-02
2372,4,1994-01-04
2376,1,1994-01-09
2377,1,1994-01-10
2378,1,1994-01-14
2379,1,1994-01-15
2380,3,1994-01-20
2383,1,1994-01-23
2384,2,1994-01-24
2386,1,1994-01-25
2387,1,1994-01-26
2388,1,1994-01-27
2389,2,1994-01-29
2391,2,1994-02-02
2393,3,1994-02-06
2396,3,1994-02-08
2399,1,1994-02-10
2400,1,1994-02-11
2401,1,1994-02-12
2402,1,1994-02-14
2403,1,1994-02-15
2404,1,1994-02-17
2405,3,1994-02-18
2408,1,1994-02-20
2409,1,1994-02-24
2410,1,1994-02-25
2411,1,1994-02-27
2412,4,1994-02-28
2416,1,1994-03-02
2417,1,1994-03-03
2418,4,1994-03-04
2422,1,1994-03-05
2423,2,1994-03-08
2425,2,1994-03-09
2427,1,1994-03-12
2428,2,1994-03-13
2430,3,1994-03-15
2433,1,1994-03-16
2434,5,1994-03-18
2439,1,1994-03-19
2440,1,1994-03-20
2441,1,1994-03-21
2442,2,1994-03-22
2444,2,1994-03-23
2446,1,1994-03-24
2447,1,1994-03-26
2448,1,1994-03-28
2449,2,1994-03-29
2451,1,1994-03-30
2452,1,1994-03-31
2453,2,1994-04-01
2455,1,1994-04-02
2456,2,1994-04-03
2458,1,1994-04-04
2459,1,1994-04-07
2460,1,1994-04-08
2461,4,1994-04-09
2465,2,1994-04-11
2467,3,1994-04-12
2470,1,1994-04-13
2471,1,1994-04-14
2472,1,1994-04-15
2473,2,1994-04-17
2475,2,1994-04-18
2477,2,1994-04-21
2479,3,1994-04-22
2482,3,1994-04-23
2485,2,1994-04-25
2487,3,1994-04-26
2490,1,1994-04-27
2491,1,1994-04-28
2492,6,1994-04-29
2498,2,1994-04-30
2500,2,1994-05-01
2502,1,1994-05-02
2503,3,1994-05-04
2506,3,1994-05-05
2509,3,1994-05-06
2512,1,1994-05-07
2513,1,1994-05-08
2514,4,1994-05-09
2518,3,1994-05-10
2521,6,1994-05-11
2527,4,1994-05-12
2531,1,1994-05-14
2532,5,1994-05-15
2537,1,1994-05-16
2538,3,1994-05-17
2541,2,1994-05-18
2543,5,1994-05-19
2548,1,1994-05-20
2549,1,1994-05-21
2550,2,1994-05-22
2552,2,1994-05-23
2554,1,1994-05-24
2555,3,1994-05-25
2558,1,1994-05-26
2559,1,1994-05-27
2560,4,1994-05-28
2564,1,1994-05-30
2565,1,1994-05-31
2566,2,1994-06-01
2568,2,1994-06-04
2570,2,1994-06-05
2572,2,1994-06-07
2574,1,1994-06-08
2575,1,1994-06-09
2576,1,1994-06-10
2577,1,1994-06-11
2578,2,1994-06-12
2580,1,1994-06-13
2581,2,1994-06-14
2583,2,1994-06-15
2585,2,1994-06-16
2587,1,1994-06-17
2588,1,1994-06-18
2589,3,1994-06-19
2592,1,1994-06-20
2593,2,1994-06-21
2595,2,1994-06-25
2597,2,1994-06-26
2599,1,1994-06-27
2600,2,1994-06-28
2602,3,1994-06-30
2605,3,1994-07-01
2608,2,1994-07-03
2610,3,1994-07-04
2613,2,1994-07-05
2615,2,1994-07-06
2617,1,1994-07-07
2618,1,1994-07-08
2619,1,1994-07-09
2620,1,1994-07-12
2621,2,1994-07-14
2623,8,1994-07-15
2631,2,1994-07-16
2633,2,1994-07-17
2635,5,1994-07-18
2640,3,1994-07-19
2643,2,1994-07-20
2645,2,1994-07-21
2647,3,1994-07-22
2650,1,1994-07-23
2651,1,1994-07-24
2652,1,1994-07-25
2653,4,1994-07-26
2657,6,1994-07-27
2663,3,1994-07-28
2666,5,1994-07-29
2671,1,1994-07-30
2672,2,1994-07-31
2674,4,1994-08-01
2678,2,1994-08-02
2680,5,1994-08-03
2685,5,1994-08-04
2690,5,1994-08-05
2695,3,1994-08-06
2698,3,1994-08-07
2701,2,1994-08-08
2703,2,1994-08-09
2705,2,1994-08-10
2707,1,1994-08-11
2708,4,1994-08-12
2712,4,1994-08-13
2716,4,1994-08-14
2720,1,1994-08-15
2721,2,1994-08-16
2723,1,1994-08-17
2724,1,1994-08-18
2725,7,1994-08-19
2732,2,1994-08-20
2734,4,1994-08-21
2738,3,1994-08-22
2741,1,1994-08-23
2742,3,1994-08-24
2745,2,1994-08-25
2747,3,1994-08-26
2750,2,1994-08-27
2752,4,1994-08-28
2756,6,1994-08-29
2762,2,1994-08-30
2764,3,1994-08-31
2767,4,1994-09-01
2771,3,1994-09-02
2774,3,1994-09-03
2777,1,1994-09-04
2778,2,1994-09-05
2780,7,1994-09-06
2787,1,1994-09-07
2788,4,1994-09-08
2792,5,1994-09-09
2797,2,1994-09-10
2799,5,1994-09-11
2804,2,1994-09-12
2806,5,1994-09-13
2811,4,1994-09-14
2815,1,1994-09-15
2816,4,1994-09-16
2820,3,1994-09-17
2823,4,1994-09-18
2827,2,1994-09-19
2829,3,1994-09-20
2832,3,1994-09-21
2835,6,1994-09-22
2841,3,1994-09-23
2844,2,1994-09-24
2846,3,1994-09-25
2849,4,1994-09-26
2853,5,1994-09-27
2858,6,1994-09-28
2864,3,1994-09-29
2867,1,1994-09-30
2868,2,1994-10-01
2870,3,1994-10-02
2873,2,1994-10-03
2875,4,1994-10-04
2879,6,1994-10-05
2885,1,1994-10-06
2886,2,1994-10-07
2888,4,1994-10-08
2892,1,1994-10-09
2893,10,1994-10-10
2903,1,1994-10-11
2904,2,1994-10-13
2906,2,1994-10-14
2908,1,1994-10-15
2909,4,1994-10-16
2913,1,1994-10-17
2914,3,1994-10-18
2917,1,1994-10-19
2918,3,1994-10-20
2921,5,1994-10-21
2926,4,1994-10-22
2930,6,1994-10-23
2936,1,1994-10-24
2937,3,1994-10-25
2940,1,1994-10-26
2941,5,1994-10-27
2946,2,1994-10-29
2948,3,1994-10-30
2951,2,1994-10-31
2953,2,1994-11-01
2955,1,1994-11-02
2956,2,1994-11-03
2958,1,1994-11-04
2959,1,1994-11-05
2960,1,1994-11-06
2961,3,1994-11-07
2964,3,1994-11-08
2967,3,1994-11-09
2970,2,1994-11-10
2972,5,1994-11-11
2977,2,1994-11-12
2979,3,1994-11-13
2982,6,1994-11-14
2988,3,1994-11-15
2991,2,1994-11-16
2993,1,1994-11-17
2994,2,1994-11-18
2996,1,1994-11-19
2997,1,1994-11-20
2998,5,1994-11-21
3003,1,1994-11-22
3004,3,1994-11-23
3007,1,1994-11-26
3008,2,1994-11-27
3010,1,1994-11-28
3011,4,1994-11-29
3015,2,1994-11-30
3017,1,1994-12-01
3018,1,1994-12-02
3019,1,1994-12-05
3020,1,1994-12-06
3021,1,1994-12-07
3022,1,1994-12-09
3023,1,1994-12-10
3024,1,1994-12-11
3025,1,1994-12-13
3026,1,1994-12-14
3027,1,1994-12-16
3028,1,1994-12-21
3029,1,1994-12-27
3030,3,1994-12-28
3033,1,1994-12-30
3034,1,1994-12-31
3035,2,1995-01-01
3037,2,1995-01-02
3039,1,1995-01-04
3040,2,1995-01-07
3042,3,1995-01-10
3045,1,1995-01-12
3046,1,1995-01-14
3047,1,1995-01-19
3048,1,1995-01-21
3049,1,1995-01-22
3050,1,1995-01-24
3051,2,1995-01-25
3053,1,1995-01-29
3054,1,1995-02-03
3055,2,1995-02-04
3057,2,1995-02-05
3059,2,1995-02-08
3061,1,1995-02-09
3062,1,1995-02-10
3063,1,1995-02-11
3064,1,1995-02-15
3065,1,1995-02-17
3066,1,1995-02-18
3067,1,1995-02-20
3068,1,1995-02-21
3069,1,1995-02-23
3070,2,1995-02-27
3072,1,1995-02-28
3073,2,1995-03-01
3075,1,1995-03-03
3076,1,1995-03-04
3077,1,1995-03-05
3078,3,1995-03-06
3081,2,1995-03-07
3083,2,1995-03-09
3085,4,1995-03-13
3089,6,1995-03-14
3095,2,1995-03-15
3097,1,1995-03-16
3098,1,1995-03-17
3099,4,1995-03-19
3103,2,1995-03-20
3105,4,1995-03-21
3109,1,1995-03-22
3110,1,1995-03-24
3111,2,1995-03-25
3113,1,1995-03-26
3114,3,1995-03-27
3117,1,1995-03-30
3118,4,1995-03-31
3122,2,1995-04-02
3124,4,1995-04-03
3128,5,1995-04-04
3133,3,1995-04-05
3136,1,1995-04-08
3137,1,1995-04-09
3138,2,1995-04-11
3140,3,1995-04-12
3143,3,1995-04-13
3146,3,1995-04-14
3149,1,1995-04-16
3150,4,1995-04-17
3154,4,1995-04-18
3158,3,1995-04-19
3161,2,1995-04-20
3163,3,1995-04-21
3166,2,1995-04-22
3168,1,1995-04-24
3169,2,1995-04-25
3171,3,1995-04-26
3174,5,1995-04-27
3179,3,1995-04-28
3182,1,1995-04-29
3183,2,1995-04-30
3185,9,1995-05-03
3194,4,1995-05-04
3198,2,1995-05-05
3200,1,1995-05-06
3201,1,1995-05-07
3202,1,1995-05-08
3203,5,1995-05-09
3208,3,1995-05-10
3211,2,1995-05-12
3213,2,1995-05-13
3215,1,1995-05-14
3216,3,1995-05-15
3219,4,1995-05-16
3223,3,1995-05-17
3226,1,1995-05-18
3227,1,1995-05-19
3228,1,1995-05-20
3229,1,1995-05-21
3230,4,1995-05-22
3234,2,1995-05-23
3236,4,1995-05-24
3240,3,1995-05-25
3243,2,1995-05-26
3245,1,1995-05-27
3246,2,1995-05-28
3248,4,1995-05-30
3252,2,1995-05-31
3254,1,1995-06-02
3255,2,1995-06-04
3257,1,1995-06-05
3258,1,1995-06-06
3259,2,1995-06-07
3261,1,1995-06-08
3262,4,1995-06-09
3266,1,1995-06-10
3267,3,1995-06-11
3270,1,1995-06-13
3271,1,1995-06-15
3272,2,1995-06-16
3274,1,1995-06-17
3275,1,1995-06-18
3276,2,1995-06-19
3278,1,1995-06-20
3279,2,1995-06-21
3281,1,1995-06-22
3282,2,1995-06-23
3284,2,1995-06-24
3286,2,1995-06-26
3288,2,1995-06-27
3290,4,1995-06-28
3294,1,1995-06-29
3295,2,1995-06-30
3297,1,1995-07-01
3298,1,1995-07-02
3299,1,1995-07-03
3300,2,1995-07-05
3302,2,1995-07-06
3304,4,1995-07-07
3308,3,1995-07-08
3311,1,1995-07-09
3312,3,1995-07-10
3315,1,1995-07-11
3316,4,1995-07-12
3320,2,1995-07-13
3322,1,1995-07-15
3323,5,1995-07-16
3328,3,1995-07-17
3331,5,1995-07-18
3336,1,1995-07-20
3337,5,1995-07-21
3342,3,1995-07-22
3345,2,1995-07-23
3347,3,1995-07-24
3350,3,1995-07-25
3353,2,1995-07-27
3355,2,1995-07-28
3357,4,1995-07-29
3361,2,1995-07-30
3363,4,1995-07-31
3367,6,1995-08-01
3373,3,1995-08-02
3376,5,1995-08-03
3381,5,1995-08-04
3386,1,1995-08-05
3387,2,1995-08-06
3389,3,1995-08-07
3392,3,1995-08-08
3395,4,1995-08-09
3399,5,1995-08-10
3404,2,1995-08-11
3406,3,1995-08-12
3409,2,1995-08-13
3411,1,1995-08-14
3412,2,1995-08-15
3414,4,1995-08-16
3418,3,1995-08-17
3421,1,1995-08-18
3422,1,1995-08-19
3423,1,1995-08-21
3424,4,1995-08-22
3428,3,1995-08-23
3431,1,1995-08-24
3432,6,1995-08-25
3438,3,1995-08-27
3441,4,1995-08-28
3445,4,1995-08-29
3449,3,1995-08-31
3452,3,1995-09-01
3455,2,1995-09-02
3457,1,1995-09-03
3458,1,1995-09-04
3459,3,1995-09-05
3462,2,1995-09-06
3464,3,1995-09-07
3467,4,1995-09-08
3471,4,1995-09-09
3475,2,1995-09-10
3477,2,1995-09-11
3479,1,1995-09-12
3480,6,1995-09-13
3486,5,1995-09-14
3491,1,1995-09-16
3492,3,1995-09-17
3495,1,1995-09-18
3496,3,1995-09-19
3499,1,1995-09-20
3500,3,1995-09-21
3503,7,1995-09-22
3510,5,1995-09-23
3515,2,1995-09-24
3517,7,1995-09-25
3524,4,1995-09-26
3528,2,1995-09-27
3530,9,1995-09-28
3539,3,1995-09-29
3542,5,1995-09-30
3547,6,1995-10-01
3553,6,1995-10-02
3559,2,1995-10-03
3561,1,1995-10-04
3562,3,1995-10-05
3565,5,1995-10-06
3570,6,1995-10-07
3576,3,1995-10-08
3579,1,1995-10-09
3580,5,1995-10-10
3585,3,1995-10-11
3588,1,1995-10-12
3589,1,1995-10-13
3590,5,1995-10-14
3595,4,1995-10-16
3599,5,1995-10-17
3604,2,1995-10-18
3606,4,1995-10-19
3610,2,1995-10-20
3612,2,1995-10-21
3614,1,1995-10-22
3615,1,1995-10-24
3616,11,1995-10-25
3627,6,1995-10-26
3633,8,1995-10-27
3641,4,1995-10-28
3645,2,1995-10-29
3647,2,1995-10-30
3649,2,1995-10-31
3651,3,1995-11-01
3654,6,1995-11-02
3660,3,1995-11-03
3663,5,1995-11-04
3668,4,1995-11-05
3672,3,1995-11-06
3675,3,1995-11-07
3678,2,1995-11-08
3680,4,1995-11-09
3684,1,1995-11-10
3685,2,1995-11-11
3687,1,1995-11-12
3688,3,1995-11-13
3691,4,1995-11-16
3695,1,1995-11-17
3696,5,1995-11-18
3701,1,1995-11-19
3702,1,1995-11-21
3703,1,1995-11-22
3704,1,1995-11-23
3705,2,1995-11-24
3707,1,1995-11-25
3708,1,1995-11-27
3709,2,1995-11-30
3711,1,1995-12-02
3712,1,1995-12-05
3713,2,1995-12-06
3715,1,1995-12-07
3716,3,1995-12-09
3719,3,1995-12-10
3722,2,1995-12-12
3724,1,1995-12-13
3725,1,1995-12-14
3726,3,1995-12-16
3729,3,1995-12-18
3732,3,1995-12-19
3735,1,1995-12-20
3736,1,1995-12-21
3737,1,1995-12-22
3738,2,1995-12-24
3740,1,1995-12-26
3741,2,1995-12-28
3743,1,1995-12-29
3744,2,1995-12-30
3746,2,1995-12-31
3748,3,1996-01-02
3751,3,1996-01-03
3754,1,1996-01-04
3755,2,1996-01-05
3757,1,1996-01-08
3758,3,1996-01-09
3761,1,1996-01-10
3762,3,1996-01-11
3765,1,1996-01-12
3766,1,1996-01-13
3767,2,1996-01-14
3769,2,1996-01-17
3771,5,1996-01-19
3776,1,1996-01-23
3777,1,1996-01-24
3778,1,1996-01-25
3779,2,1996-01-26
3781,2,1996-01-27
3783,2,1996-01-29
3785,4,1996-01-30
3789,3,1996-01-31
3792,1,1996-02-04
3793,2,1996-02-12
3795,1,1996-02-20
3796,2,1996-02-21
3798,1,1996-02-22
3799,1,1996-02-23
3800,1,1996-02-24
3801,3,1996-02-25
3804,1,1996-02-26
3805,4,1996-02-28
3809,2,1996-03-02
3811,2,1996-03-03
3813,1,1996-03-04
3814,4,1996-03-07
3818,1,1996-03-09
3819,5,1996-03-11
3824,1,1996-03-12
3825,1,1996-03-13
3826,1,1996-03-14
3827,2,1996-03-16
3829,2,1996-03-17
3831,1,1996-03-20
3832,2,1996-03-21
3834,2,1996-03-22
3836,1,1996-03-23
3837,3,1996-03-24
3840,1,1996-03-26
3841,1,1996-03-29
3842,2,1996-03-31
3844,2,1996-04-01
3846,1,1996-04-02
3847,4,1996-04-03
3851,1,1996-04-07
3852,1,1996-04-09
3853,2,1996-04-11
3855,1,1996-04-12
3856,1,1996-04-13
3857,3,1996-04-15
3860,1,1996-04-16
3861,3,1996-04-17
3864,1,1996-04-18
3865,1,1996-04-19
3866,3,1996-04-21
3869,1,1996-04-22
3870,3,1996-04-23
3873,2,1996-04-25
3875,3,1996-04-26
3878,1,1996-04-27
3879,3,1996-04-28
3882,1,1996-04-30
3883,4,1996-05-02
3887,2,1996-05-03
3889,1,1996-05-04
3890,2,1996-05-05
3892,2,1996-05-06
3894,5,1996-05-07
3899,4,1996-05-08
3903,1,1996-05-09
3904,3,1996-05-10
3907,4,1996-05-11
3911,2,1996-05-12
3913,2,1996-05-13
3915,7,1996-05-14
3922,1,1996-05-15
3923,3,1996-05-16
3926,2,1996-05-17
3928,2,1996-05-18
3930,4,1996-05-19
3934,2,1996-05-20
3936,2,1996-05-22
3938,4,1996-05-23
3942,1,1996-05-24
3943,4,1996-05-25
3947,1,1996-05-28
3948,4,1996-05-29
3952,6,1996-05-30
3958,3,1996-05-31
3961,2,1996-06-02
3963,1,1996-06-06
3964,1,1996-06-08
3965,1,1996-06-09
3966,6,1996-06-11
3972,1,1996-06-12
3973,1,1996-06-13
3974,1,1996-06-15
3975,1,1996-06-16
3976,1,1996-06-18
3977,2,1996-06-20
3979,1,1996-06-22
3980,2,1996-06-24
3982,2,1996-06-25
3984,5,1996-06-26
3989,1,1996-06-27
3990,1,1996-06-28
3991,3,1996-06-29
3994,1,1996-06-30
3995,1,1996-07-01
3996,3,1996-07-02
3999,3,1996-07-04
4002,1,1996-07-06
4003,1,1996-07-08
4004,1,1996-07-09
4005,3,1996-07-10
4008,2,1996-07-11
4010,5,1996-07-12
4015,1,1996-07-13
4016,1,1996-07-14
4017,2,1996-07-15
4019,3,1996-07-16
4022,2,1996-07-17
4024,1,1996-07-18
4025,3,1996-07-19
4028,2,1996-07-20
4030,1,1996-07-21
4031,5,1996-07-22
4036,3,1996-07-23
4039,2,1996-07-24
4041,2,1996-07-25
4043,3,1996-07-26
4046,2,1996-07-27
4048,4,1996-07-28
4052,3,1996-07-29
4055,10,1996-07-30
4065,2,1996-07-31
4067,3,1996-08-01
4070,3,1996-08-02
4073,2,1996-08-03
4075,5,1996-08-04
4080,2,1996-08-05
4082,1,1996-08-06
4083,3,1996-08-07
4086,8,1996-08-08
4094,2,1996-08-09
4096,2,1996-08-10
4098,3,1996-08-11
4101,6,1996-08-12
4107,4,1996-08-13
4111,1,1996-08-14
4112,1,1996-08-15
4113,5,1996-08-16
4118,1,1996-08-17
4119,3,1996-08-18
4122,4,1996-08-19
4126,2,1996-08-20
4128,3,1996-08-21
4131,2,1996-08-22
4133,1,1996-08-23
4134,2,1996-08-24
4136,2,1996-08-25
4138,2,1996-08-26
4140,2,1996-08-27
4142,1,1996-08-28
4143,5,1996-08-29
4148,6,1996-08-30
4154,3,1996-08-31
4157,4,1996-09-01
4161,3,1996-09-02
4164,7,1996-09-04
4171,1,1996-09-05
4172,1,1996-09-06
4173,3,1996-09-07
4176,1,1996-09-08
4177,3,1996-09-09
4180,7,1996-09-10
4187,6,1996-09-11
4193,7,1996-09-12
4200,1,1996-09-13
4201,2,1996-09-14
4203,7,1996-09-15
4210,1,1996-09-16
4211,1,1996-09-17
4212,2,1996-09-18
4214,10,1996-09-19
4224,5,1996-09-20
4229,3,1996-09-21
4232,4,1996-09-22
4236,3,1996-09-23
4239,1,1996-09-24
4240,3,1996-09-25
4243,4,1996-09-26
4247,3,1996-09-27
4250,4,1996-09-28
4254,4,1996-09-29
4258,6,1996-09-30
4264,4,1996-10-01
4268,4,1996-10-02
4272,11,1996-10-03
4283,4,1996-10-04
4287,2,1996-10-05
4289,2,1996-10-06
4291,3,1996-10-07
4294,3,1996-10-08
4297,6,1996-10-09
4303,5,1996-10-10
4308,3,1996-10-11
4311,2,1996-10-12
4313,3,1996-10-13
4316,1,1996-10-14
4317,1,1996-10-15
4318,2,1996-10-16
4320,7,1996-10-17
4327,6,1996-10-18
4333,3,1996-10-19
4336,4,1996-10-20
4340,5,1996-10-21
4345,1,1996-10-22
4346,3,1996-10-23
4349,5,1996-10-24
4354,2,1996-10-25
4356,4,1996-10-26
4360,4,1996-10-27
4364,6,1996-10-28
4370,8,1996-10-29
4378,6,1996-10-30
4384,2,1996-10-31
4386,5,1996-11-01
4391,1,1996-11-02
4392,3,1996-11-03
4395,1,1996-11-04
4396,1,1996-11-05
4397,2,1996-11-07
4399,2,1996-11-08
4401,4,1996-11-09
4405,3,1996-11-10
4408,1,1996-11-11
4409,1,1996-11-12
4410,1,1996-11-13
4411,5,1996-11-14
4416,2,1996-11-15
4418,1,1996-11-16
4419,4,1996-11-17
4423,1,1996-11-18
4424,3,1996-11-19
4427,5,1996-11-20
4432,2,1996-11-21
4434,3,1996-11-22
4437,1,1996-11-23
4438,2,1996-11-24
4440,1,1996-11-26
4441,2,1996-11-27
4443,1,1996-11-28
4444,1,1996-11-29
4445,1,1996-12-01
4446,4,1996-12-02
4450,3,1996-12-04
4453,4,1996-12-05
4457,2,1996-12-07
4459,1,1996-12-09
4460,3,1996-12-10
4463,1,1996-12-11
4464,4,1996-12-12
4468,4,1996-12-13
4472,2,1996-12-14
4474,3,1996-12-15
4477,2,1996-12-16
4479,1,1996-12-17
4480,3,1996-12-18
4483,2,1996-12-19
4485,1,1996-12-20
4486,2,1996-12-21
4488,3,1996-12-22
4491,2,1996-12-23
4493,1,1996-12-24
4494,2,1996-12-26
4496,2,1996-12-28
4498,1,1996-12-30
4499,1,1996-12-31
4500,1,1997-01-01
4501,2,1997-01-02
4503,5,1997-01-03
4508,1,1997-01-04
4509,1,1997-01-05
4510,2,1997-01-07
4512,2,1997-01-09
4514,1,1997-01-10
4515,1,1997-01-11
4516,2,1997-01-12
4518,2,1997-01-13
4520,2,1997-01-14
4522,1,1997-01-16
4523,1,1997-01-17
4524,2,1997-01-19
4526,2,1997-01-21
4528,2,1997-01-24
4530,4,1997-01-25
4534,1,1997-01-26
4535,1,1997-01-27
4536,1,1997-01-28
4537,1,1997-01-30
4538,1,1997-02-01
4539,3,1997-02-03
4542,1,1997-02-04
4543,2,1997-02-05
4545,2,1997-02-07
4547,1,1997-02-09
4548,1,1997-02-10
4549,2,1997-02-11
4551,2,1997-02-12
4553,3,1997-02-18
4556,4,1997-02-20
4560,1,1997-02-21
4561,5,1997-02-22
4566,2,1997-02-23
4568,1,1997-02-24
4569,1,1997-02-26
4570,2,1997-02-27
4572,1,1997-02-28
4573,1,1997-03-01
4574,1,1997-03-02
4575,3,1997-03-03
4578,3,1997-03-04
4581,2,1997-03-05
4583,2,1997-03-06
4585,2,1997-03-07
4587,3,1997-03-08
4590,2,1997-03-09
4592,3,1997-03-10
4595,3,1997-03-11
4598,3,1997-03-12
4601,1,1997-03-13
4602,2,1997-03-14
4604,1,1997-03-15
4605,2,1997-03-16
4607,1,1997-03-17
4608,3,1997-03-18
4611,4,1997-03-21
4615,4,1997-03-23
4619,1,1997-03-24
4620,3,1997-03-26
4623,4,1997-03-27
4627,2,1997-03-28
4629,7,1997-03-29
4636,2,1997-03-30
4638,1,1997-03-31
4639,3,1997-04-01
4642,2,1997-04-02
4644,2,1997-04-03
4646,1,1997-04-04
4647,3,1997-04-05
4650,3,1997-04-07
4653,1,1997-04-09
4654,3,1997-04-10
4657,5,1997-04-11
4662,1,1997-04-13
4663,1,1997-04-15
4664,2,1997-04-16
4666,1,1997-04-18
4667,1,1997-04-19
4668,1,1997-04-20
4669,4,1997-04-21
4673,3,1997-04-22
4676,2,1997-04-23
4678,2,1997-04-24
4680,2,1997-04-26
4682,1,1997-04-27
4683,4,1997-04-28
4687,2,1997-04-29
4689,8,1997-04-30
4697,4,1997-05-01
4701,2,1997-05-02
4703,3,1997-05-03
4706,2,1997-05-04
4708,2,1997-05-05
4710,2,1997-05-06
4712,2,1997-05-07
4714,4,1997-05-08
4718,1,1997-05-10
4719,1,1997-05-11
4720,4,1997-05-12
4724,2,1997-05-13
4726,5,1997-05-14
4731,5,1997-05-15
4736,2,1997-05-16
4738,1,1997-05-17
4739,2,1997-05-18
4741,3,1997-05-19
4744,3,1997-05-20
4747,4,1997-05-21
4751,2,1997-05-22
4753,3,1997-05-23
4756,1,1997-05-25
4757,1,1997-05-26
4758,1,1997-05-27
4759,4,1997-05-28
4763,4,1997-05-29
4767,2,1997-05-30
4769,1,1997-05-31
4770,2,1997-06-01
4772,4,1997-06-02
4776,2,1997-06-03
4778,6,1997-06-04
4784,1,1997-06-05
4785,3,1997-06-06
4788,2,1997-06-07
4790,1,1997-06-08
4791,3,1997-06-09
4794,1,1997-06-11
4795,2,1997-06-12
4797,2,1997-06-13
4799,2,1997-06-14
4801,3,1997-06-16
4804,2,1997-06-17
4806,4,1997-06-19
4810,3,1997-06-20
4813,1,1997-06-21
4814,1,1997-06-22
4815,1,1997-06-23
4816,1,1997-06-24
4817,2,1997-06-25
4819,1,1997-06-26
4820,3,1997-06-27
4823,5,1997-06-28
4828,4,1997-06-29
4832,4,1997-07-02
4836,3,1997-07-03
4839,4,1997-07-04
4843,2,1997-07-05
4845,1,1997-07-06
4846,4,1997-07-07
4850,2,1997-07-08
4852,4,1997-07-09
4856,2,1997-07-10
4858,4,1997-07-11
4862,1,1997-07-12
4863,3,1997-07-13
4866,1,1997-07-15
4867,2,1997-07-16
4869,2,1997-07-17
4871,2,1997-07-18
4873,1,1997-07-19
4874,3,1997-07-20
4877,4,1997-07-21
4881,2,1997-07-23
4883,1,1997-07-24
4884,6,1997-07-25
4890,1,1997-07-26
4891,1,1997-07-27
4892,1,1997-07-28
4893,1,1997-07-29
4894,3,1997-07-30
4897,3,1997-07-31
4900,3,1997-08-01
4903,3,1997-08-02
4906,1,1997-08-03
4907,3,1997-08-04
4910,3,1997-08-05
4913,7,1997-08-06
4920,2,1997-08-07
4922,2,1997-08-08
4924,3,1997-08-09
4927,4,1997-08-10
4931,3,1997-08-11
4934,4,1997-08-12
4938,3,1997-08-13
4941,4,1997-08-14
4945,3,1997-08-15
4948,1,1997-08-16
4949,1,1997-08-17
4950,8,1997-08-18
4958,3,1997-08-19
4961,5,1997-08-20
4966,6,1997-08-21
4972,4,1997-08-22
4976,3,1997-08-23
4979,6,1997-08-24
4985,2,1997-08-25
4987,3,1997-08-26
4990,4,1997-08-27
4994,5,1997-08-28
4999,4,1997-08-29
5003,2,1997-08-30
5005,1,1997-08-31
5006,6,1997-09-01
5012,6,1997-09-02
5018,3,1997-09-03
5021,3,1997-09-04
5024,1,1997-09-05
5025,3,1997-09-06
5028,3,1997-09-07
5031,2,1997-09-08
5033,6,1997-09-09
5039,4,1997-09-10
5043,5,1997-09-11
5048,4,1997-09-12
5052,2,1997-09-13
5054,3,1997-09-14
5057,1,1997-09-15
5058,2,1997-09-16
5060,1,1997-09-17
5061,9,1997-09-18
5070,2,1997-09-19
5072,2,1997-09-20
5074,4,1997-09-21
5078,5,1997-09-22
5083,1,1997-09-23
5084,2,1997-09-24
5086,5,1997-09-25
5091,8,1997-09-26
5099,4,1997-09-27
5103,6,1997-09-28
5109,4,1997-09-29
5113,6,1997-09-30
5119,10,1997-10-01
5129,8,1997-10-02
5137,2,1997-10-03
5139,4,1997-10-04
5143,4,1997-10-05
5147,4,1997-10-06
5151,5,1997-10-07
5156,2,1997-10-08
5158,5,1997-10-09
5163,7,1997-10-10
5170,4,1997-10-11
5174,4,1997-10-12
5178,10,1997-10-13
5188,6,1997-10-14
5194,4,1997-10-15
5198,3,1997-10-16
5201,3,1997-10-17
5204,3,1997-10-18
5207,3,1997-10-19
5210,6,1997-10-20
5216,3,1997-10-21
5219,3,1997-10-22
5222,3,1997-10-23
5225,4,1997-10-25
5229,3,1997-10-26
5232,7,1997-10-27
5239,6,1997-10-28
5245,2,1997-10-29
5247,2,1997-10-30
5249,2,1997-10-31
5251,4,1997-11-01
5255,4,1997-11-02
5259,3,1997-11-03
5262,3,1997-11-05
5265,3,1997-11-06
5268,7,1997-11-07
5275,1,1997-11-08
5276,5,1997-11-09
5281,8,1997-11-10
5289,1,1997-11-11
5290,3,1997-11-12
5293,3,1997-11-13
5296,2,1997-11-14
5298,1,1997-11-15
5299,2,1997-11-16
5301,3,1997-11-17
5304,3,1997-11-18
5307,1,1997-11-19
5308,1,1997-11-20
5309,2,1997-11-21
5311,3,1997-11-22
5314,1,1997-11-23
5315,1,1997-11-24
5316,2,1997-11-25
5318,2,1997-11-26
5320,1,1997-11-28
5321,2,1997-12-01
5323,1,1997-12-02
5324,1,1997-12-03
5325,3,1997-12-04
5328,1,1997-12-05
5329,1,1997-12-08
5330,6,1997-12-10
5336,1,1997-12-12
5337,4,1997-12-14
5341,2,1997-12-15
5343,2,1997-12-16
5345,1,1997-12-17
5346,4,1997-12-19
5350,2,1997-12-21
5352,4,1997-12-22
5356,2,1997-12-23
5358,1,1997-12-24
5359,1,1997-12-28
5360,2,1997-12-29
5362,3,1997-12-30
5365,1,1998-01-02
5366,2,1998-01-03
5368,4,1998-01-04
5372,1,1998-01-05
5373,1,1998-01-06
5374,1,1998-01-07
5375,1,1998-01-08
5376,2,1998-01-09
5378,1,1998-01-10
5379,1,1998-01-11
5380,2,1998-01-12
5382,2,1998-01-13
5384,1,1998-01-14
5385,3,1998-01-18
5388,2,1998-01-19
5390,1,1998-01-21
5391,2,1998-01-22
5393,2,1998-01-23
5395,1,1998-01-25
5396,3,1998-01-26
5399,4,1998-01-27
5403,1,1998-01-30
5404,1,1998-02-01
5405,2,1998-02-06
5407,2,1998-02-07
5409,1,1998-02-08
5410,2,1998-02-09
5412,3,1998-02-10
5415,2,1998-02-11
5417,1,1998-02-12
5418,1,1998-02-15
5419,2,1998-02-16
5421,1,1998-02-19
5422,1,1998-02-21
5423,1,1998-02-23
5424,1,1998-02-24
5425,1,1998-02-25
5426,2,1998-02-27
5428,2,1998-03-01
5430,1,1998-03-02
5431,2,1998-03-04
5433,1,1998-03-05
5434,2,1998-03-06
5436,2,1998-03-08
5438,4,1998-03-09
5442,2,1998-03-10
5444,1,1998-03-11
5445,4,1998-03-12
5449,3,1998-03-13
5452,1,1998-03-15
5453,2,1998-03-16
5455,2,1998-03-17
5457,6,1998-03-18
5463,2,1998-03-19
5465,3,1998-03-21
5468,3,1998-03-22
5471,3,1998-03-23
5474,4,1998-03-24
5478,4,1998-03-25
5482,2,1998-03-27
5484,2,1998-03-28
5486,1,1998-03-29
5487,2,1998-03-31
5489,1,1998-04-01
5490,2,1998-04-02
5492,1,1998-04-03
5493,4,1998-04-04
5497,1,1998-04-05
5498,2,1998-04-06
5500,1,1998-04-07
5501,1,1998-04-09
5502,1,1998-04-10
5503,1,1998-04-11
5504,2,1998-04-12
5506,1,1998-04-13
5507,2,1998-04-15
5509,2,1998-04-16
5511,1,1998-04-17
5512,1,1998-04-18
5513,1,1998-04-20
5514,2,1998-04-22
5516,1,1998-04-23
5517,2,1998-04-24
5519,4,1998-04-25
5523,3,1998-04-26
5526,2,1998-04-27
5528,3,1998-04-28
5531,4,1998-04-29
5535,6,1998-04-30
5541,2,1998-05-01
5543,3,1998-05-02
5546,4,1998-05-03
5550,3,1998-05-04
5553,2,1998-05-05
5555,1,1998-05-06
5556,3,1998-05-07
5559,5,1998-05-08
5564,3,1998-05-09
5567,1,1998-05-10
5568,2,1998-05-11
5570,7,1998-05-12
5577,4,1998-05-13
5581,1,1998-05-14
5582,3,1998-05-16
5585,2,1998-05-17
5587,5,1998-05-18
5592,3,1998-05-19
5595,2,1998-05-20
5597,3,1998-05-22
5600,1,1998-05-23
5601,3,1998-05-24
5604,1,1998-05-25
5605,2,1998-05-26
5607,3,1998-05-27
5610,5,1998-05-28
5615,1,1998-05-29
5616,4,1998-06-01
5620,2,1998-06-02
5622,3,1998-06-03
5625,4,1998-06-04
5629,3,1998-06-05
5632,2,1998-06-06
5634,2,1998-06-07
5636,2,1998-06-08
5638,2,1998-06-10
5640,2,1998-06-12
5642,1,1998-06-13
5643,3,1998-06-15
5646,1,1998-06-16
5647,2,1998-06-17
5649,3,1998-06-19
5652,1,1998-06-20
5653,2,1998-06-21
5655,2,1998-06-22
5657,3,1998-06-24
5660,1,1998-06-25
5661,3,1998-06-26
5664,1,1998-06-27
5665,1,1998-06-28
5666,2,1998-06-29
5668,4,1998-07-01
5672,2,1998-07-02
5674,1,1998-07-03
5675,4,1998-07-05
5679,3,1998-07-06
5682,2,1998-07-07
5684,9,1998-07-08
5693,2,1998-07-09
5695,2,1998-07-10
5697,4,1998-07-11
5701,3,1998-07-12
5704,4,1998-07-13
5708,4,1998-07-14
5712,6,1998-07-15
5718,1,1998-07-16
5719,3,1998-07-17
5722,3,1998-07-18
5725,1,1998-07-19
5726,2,1998-07-20
5728,3,1998-07-21
5731,2,1998-07-22
5733,3,1998-07-23
5736,5,1998-07-24
5741,4,1998-07-25
5745,3,1998-07-26
5748,1,1998-07-27
5749,1,1998-07-28
5750,2,1998-07-29
5752,5,1998-07-30
5757,1,1998-07-31
5758,2,1998-08-01
5760,4,1998-08-02
5764,3,1998-08-03
5767,3,1998-08-04
5770,3,1998-08-05
5773,4,1998-08-06
5777,3,1998-08-07
5780,3,1998-08-08
5783,7,1998-08-09
5790,3,1998-08-10
5793,4,1998-08-11
5797,2,1998-08-12
5799,13,1998-08-13
5812,3,1998-08-14
5815,3,1998-08-15
5818,4,1998-08-16
5822,8,1998-08-17
5830,2,1998-08-18
5832,4,1998-08-19
5836,5,1998-08-20
5841,4,1998-08-21
5845,8,1998-08-22
5853,7,1998-08-23
5860,2,1998-08-24
5862,5,1998-08-25
5867,4,1998-08-26
5871,7,1998-08-27
5878,3,1998-08-28
5881,3,1998-08-29
5884,5,1998-08-30
5889,3,1998-08-31
5892,1,1998-09-01
5893,7,1998-09-02
5900,7,1998-09-03
5907,7,1998-09-04
5914,8,1998-09-05
5922,2,1998-09-07
5924,6,1998-09-08
5930,10,1998-09-09
5940,9,1998-09-10
5949,4,1998-09-11
5953,5,1998-09-12
5958,3,1998-09-13
5961,6,1998-09-14
5967,5,1998-09-15
5972,5,1998-09-16
5977,4,1998-09-17
5981,4,1998-09-18
5985,3,1998-09-19
5988,5,1998-09-20
5993,5,1998-09-21
5998,7,1998-09-22
6005,6,1998-09-23
6011,4,1998-09-24
6015,1,1998-09-25
6016,1,1998-09-27
6017,11,1998-09-28
6028,5,1998-09-29
6033,2,1998-09-30
6035,8,1998-10-01
6043,5,1998-10-02
6048,3,1998-10-03
6051,3,1998-10-04
6054,3,1998-10-05
6057,8,1998-10-06
6065,7,1998-10-07
6072,7,1998-10-08
6079,1,1998-10-09
6080,5,1998-10-10
6085,6,1998-10-11
6091,7,1998-10-12
6098,6,1998-10-13
6104,3,1998-10-14
6107,8,1998-10-15
6115,4,1998-10-16
6119,5,1998-10-17
6124,4,1998-10-18
6128,3,1998-10-19
6131,5,1998-10-20
6136,3,1998-10-21
6139,3,1998-10-22
6142,3,1998-10-23
6145,4,1998-10-24
6149,7,1998-10-25
6156,5,1998-10-26
6161,2,1998-10-27
6163,1,1998-10-28
6164,4,1998-10-29
6168,5,1998-10-30
6173,1,1998-10-31
6174,3,1998-11-01
6177,6,1998-11-02
6183,3,1998-11-03
6186,7,1998-11-04
6193,1,1998-11-05
6194,2,1998-11-06
6196,3,1998-11-07
6199,1,1998-11-08
6200,4,1998-11-09
6204,6,1998-11-10
6210,1,1998-11-11
6211,2,1998-11-12
6213,2,1998-11-14
6215,1,1998-11-15
6216,2,1998-11-16
6218,1,1998-11-18
6219,1,1998-11-19
6220,3,1998-11-20
6223,3,1998-11-21
6226,1,1998-11-23
6227,3,1998-11-25
6230,1,1998-11-27
6231,1,1998-11-30
6232,2,1998-12-01
6234,1,1998-12-03
6235,8,1998-12-04
6243,2,1998-12-06
6245,3,1998-12-08
6248,1,1998-12-09
6249,2,1998-12-10
6251,1,1998-12-11
6252,4,1998-12-15
6256,1,1998-12-17
6257,1,1998-12-18
6258,2,1998-12-19
6260,1,1998-12-21
6261,3,1998-12-22
6264,2,1998-12-24
6266,1,1998-12-25
6267,1,1998-12-26
6268,2,1998-12-27
6270,1,1998-12-29
6271,1,1998-12-31
6272,4,1999-01-02
6276,2,1999-01-04
6278,1,1999-01-05
6279,3,1999-01-06
6282,2,1999-01-07
6284,1,1999-01-08
6285,3,1999-01-11
6288,3,1999-01-12
6291,2,1999-01-13
6293,1,1999-01-14
6294,1,1999-01-15
6295,3,1999-01-16
6298,1,1999-01-18
6299,2,1999-01-19
6301,2,1999-01-20
6303,1,1999-01-21
6304,3,1999-01-23
6307,1,1999-01-24
6308,1,1999-01-25
6309,1,1999-01-28
6310,1,1999-01-30
6311,3,1999-02-01
6314,2,1999-02-03
6316,1,1999-02-04
6317,1,1999-02-05
6318,1,1999-02-06
6319,1,1999-02-07
6320,2,1999-02-10
6322,2,1999-02-11
6324,2,1999-02-13
6326,2,1999-02-14
6328,2,1999-02-15
6330,4,1999-02-16
6334,3,1999-02-17
6337,3,1999-02-18
6340,2,1999-02-19
6342,1,1999-02-20
6343,3,1999-02-22
6346,1,1999-02-23
6347,3,1999-02-24
6350,5,1999-02-26
6355,1,1999-02-27
6356,1,1999-02-28
6357,1,1999-03-01
6358,2,1999-03-02
6360,1,1999-03-04
6361,4,1999-03-05
6365,2,1999-03-07
6367,1,1999-03-08
6368,3,1999-03-09
6371,2,1999-03-11
6373,2,1999-03-12
6375,4,1999-03-14
6379,3,1999-03-15
6382,1,1999-03-16
6383,5,1999-03-17
6388,3,1999-03-18
6391,3,1999-03-19
6394,2,1999-03-22
6396,4,1999-03-24
6400,2,1999-03-25
6402,5,1999-03-26
6407,1,1999-03-28
6408,2,1999-03-29
6410,1,1999-03-30
6411,4,1999-03-31
6415,2,1999-04-01
6417,2,1999-04-02
6419,1,1999-04-03
6420,2,1999-04-05
6422,2,1999-04-07
6424,4,1999-04-08
6428,2,1999-04-10
6430,1,1999-04-11
6431,2,1999-04-12
6433,4,1999-04-13
6437,3,1999-04-15
6440,2,1999-04-16
6442,1,1999-04-18
6443,3,1999-04-19
6446,3,1999-04-20
6449,3,1999-04-21
6452,2,1999-04-22
6454,4,1999-04-23
6458,4,1999-04-24
6462,1,1999-04-25
6463,4,1999-04-26
6467,4,1999-04-27
6471,3,1999-04-28
6474,5,1999-04-30
6479,2,1999-05-01
6481,2,1999-05-02
6483,1,1999-05-04
6484,3,1999-05-05
6487,3,1999-05-06
6490,5,1999-05-07
6495,2,1999-05-08
6497,1,1999-05-09
6498,2,1999-05-10
6500,5,1999-05-11
6505,2,1999-05-12
6507,7,1999-05-13
6514,2,1999-05-14
6516,3,1999-05-15
6519,2,1999-05-16
6521,2,1999-05-18
6523,2,1999-05-19
6525,3,1999-05-20
6528,2,1999-05-21
6530,1,1999-05-22
6531,3,1999-05-23
6534,3,1999-05-25
6537,1,1999-05-26
6538,3,1999-05-28
6541,5,1999-05-29
6546,3,1999-05-30
6549,5,1999-05-31
6554,2,1999-06-01
6556,2,1999-06-02
6558,2,1999-06-03
6560,3,1999-06-04
6563,3,1999-06-05
6566,3,1999-06-08
6569,2,1999-06-11
6571,2,1999-06-14
6573,1,1999-06-15
6574,1,1999-06-16
6575,2,1999-06-17
6577,4,1999-06-18
6581,1,1999-06-19
6582,1,1999-06-20
6583,3,1999-06-21
6586,2,1999-06-22
6588,2,1999-06-24
6590,2,1999-06-25
6592,1,1999-06-26
6593,1,1999-06-27
6594,2,1999-06-29
6596,4,1999-06-30
6600,2,1999-07-01
6602,3,1999-07-03
6605,6,1999-07-04
6611,2,1999-07-05
6613,5,1999-07-06
6618,4,1999-07-07
6622,2,1999-07-08
6624,7,1999-07-09
6631,4,1999-07-10
6635,2,1999-07-11
6637,2,1999-07-12
6639,4,1999-07-13
6643,1,1999-07-14
6644,5,1999-07-16
6649,2,1999-07-17
6651,1,1999-07-18
6652,3,1999-07-19
6655,4,1999-07-20
6659,3,1999-07-21
6662,3,1999-07-22
6665,2,1999-07-23
6667,2,1999-07-24
6669,1,1999-07-25
6670,3,1999-07-26
6673,4,1999-07-27
6677,2,1999-07-28
6679,2,1999-07-29
6681,1,1999-07-31
6682,5,1999-08-01
6687,4,1999-08-02
6691,5,1999-08-03
6696,5,1999-08-04
6701,6,1999-08-05
6707,2,1999-08-07
6709,1,1999-08-08
6710,4,1999-08-09
6714,6,1999-08-10
6720,5,1999-08-11
6725,3,1999-08-12
6728,6,1999-08-13
6734,2,1999-08-14
6736,2,1999-08-15
6738,6,1999-08-16
6744,5,1999-08-17
6749,3,1999-08-18
6752,6,1999-08-19
6758,5,1999-08-20
6763,1,1999-08-21
6764,2,1999-08-23
6766,4,1999-08-24
6770,2,1999-08-25
6772,3,1999-08-26
6775,8,1999-08-27
6783,5,1999-08-28
6788,1,1999-08-29
6789,3,1999-08-30
6792,4,1999-08-31
6796,3,1999-09-01
6799,5,1999-09-02
6804,5,1999-09-03
6809,4,1999-09-04
6813,4,1999-09-05
6817,7,1999-09-06
6824,4,1999-09-07
6828,2,1999-09-08
6830,5,1999-09-09
6835,5,1999-09-10
6840,3,1999-09-11
6843,2,1999-09-12
6845,10,1999-09-13
6855,3,1999-09-14
6858,3,1999-09-15
6861,6,1999-09-16
6867,9,1999-09-17
6876,4,1999-09-18
6880,3,1999-09-19
6883,2,1999-09-20
6885,6,1999-09-21
6891,5,1999-09-22
6896,6,1999-09-23
6902,4,1999-09-24
6906,1,1999-09-25
6907,4,1999-09-26
6911,3,1999-09-27
6914,3,1999-09-28
6917,5,1999-09-29
6922,7,1999-09-30
6929,5,1999-10-01
6934,3,1999-10-02
6937,6,1999-10-03
6943,6,1999-10-04
6949,8,1999-10-05
6957,4,1999-10-06
6961,6,1999-10-07
6967,3,1999-10-08
6970,2,1999-10-09
6972,3,1999-10-10
6975,5,1999-10-11
6980,5,1999-10-12
6985,4,1999-10-13
6989,5,1999-10-14
6994,4,1999-10-15
6998,7,1999-10-16
7005,2,1999-10-17
7007,8,1999-10-18
7015,16,1999-10-19
7031,11,1999-10-20
7042,2,1999-10-21
7044,6,1999-10-22
7050,6,1999-10-23
7056,3,1999-10-24
7059,5,1999-10-25
7064,2,1999-10-26
7066,9,1999-10-27
7075,7,1999-10-28
7082,1,1999-10-29
7083,3,1999-10-30
7086,3,1999-10-31
7089,5,1999-11-01
7094,6,1999-11-02
7100,1,1999-11-03
7101,5,1999-11-04
7106,4,1999-11-05
7110,3,1999-11-07
7113,4,1999-11-08
7117,1,1999-11-09
7118,1,1999-11-10
7119,3,1999-11-11
7122,2,1999-11-12
7124,3,1999-11-13
7127,2,1999-11-14
7129,3,1999-11-15
7132,3,1999-11-16
7135,2,1999-11-17
7137,2,1999-11-18
7139,5,1999-11-19
7144,3,1999-11-21
7147,1,1999-11-22
7148,1,1999-11-23
7149,2,1999-11-24
7151,2,1999-11-26
7153,1,1999-11-27
7154,2,1999-11-29
7156,4,1999-11-30
7160,1,1999-12-01
7161,1,1999-12-02
7162,1,1999-12-03
7163,1,1999-12-04
7164,4,1999-12-05
7168,2,1999-12-06
7170,1,1999-12-07
7171,3,1999-12-08
7174,6,1999-12-09
7180,2,1999-12-10
7182,4,1999-12-11
7186,2,1999-12-12
7188,2,1999-12-13
7190,3,1999-12-14
7193,3,1999-12-15
7196,1,1999-12-16
7197,1,1999-12-17
7198,1,1999-12-18
7199,2,1999-12-21
7201,1,1999-12-23
7202,1,1999-12-24
7203,3,1999-12-26
7206,2,1999-12-27
7208,1,1999-12-29
7209,3,1999-12-30
7212,1,1999-12-31
7213,1,2000-01-01
7214,2,2000-01-02
7216,3,2000-01-03
7219,3,2000-01-04
7222,2,2000-01-05
7224,2,2000-01-06
7226,4,2000-01-08
7230,2,2000-01-09
7232,1,2000-01-10
7233,1,2000-01-11
7234,2,2000-01-12
7236,2,2000-01-17
7238,2,2000-01-19
7240,2,2000-01-20
7242,2,2000-01-21
7244,2,2000-01-23
7246,1,2000-01-25
7247,2,2000-01-27
7249,1,2000-01-30
7250,2,2000-01-31
7252,1,2000-02-01
7253,1,2000-02-02
7254,1,2000-02-03
7255,1,2000-02-04
7256,4,2000-02-05
7260,1,2000-02-06
7261,3,2000-02-08
7264,3,2000-02-09
7267,1,2000-02-10
7268,1,2000-02-11
7269,3,2000-02-12
7272,3,2000-02-13
7275,2,2000-02-14
7277,1,2000-02-15
7278,1,2000-02-17
7279,1,2000-02-18
7280,2,2000-02-19
7282,1,2000-02-20
7283,1,2000-02-21
7284,1,2000-02-22
7285,1,2000-02-23
7286,1,2000-02-24
7287,4,2000-02-25
7291,4,2000-02-26
7295,2,2000-02-28
7297,3,2000-02-29
7300,1,2000-03-01
7301,1,2000-03-02
7302,4,2000-03-05
7306,2,2000-03-06
7308,5,2000-03-07
7313,4,2000-03-08
7317,1,2000-03-10
7318,2,2000-03-11
7320,1,2000-03-12
7321,1,2000-03-13
7322,3,2000-03-14
7325,2,2000-03-15
7327,1,2000-03-16
7328,2,2000-03-18
7330,3,2000-03-20
7333,3,2000-03-21
7336,2,2000-03-22
7338,3,2000-03-23
7341,1,2000-03-24
7342,3,2000-03-25
7345,3,2000-03-26
7348,1,2000-03-28
7349,1,2000-03-29
7350,1,2000-03-30
7351,2,2000-03-31
7353,1,2000-04-01
7354,1,2000-04-02
7355,2,2000-04-03
7357,1,2000-04-04
7358,2,2000-04-05
7360,3,2000-04-06
7363,4,2000-04-07
7367,3,2000-04-08
7370,6,2000-04-09
7376,2,2000-04-11
7378,3,2000-04-12
7381,2,2000-04-13
7383,3,2000-04-14
7386,2,2000-04-15
7388,3,2000-04-16
7391,3,2000-04-17
7394,1,2000-04-18
7395,5,2000-04-20
7400,3,2000-04-21
7403,3,2000-04-22
7406,1,2000-04-23
7407,3,2000-04-24
7410,1,2000-04-25
7411,7,2000-04-26
7418,1,2000-04-27
7419,4,2000-04-28
7423,1,2000-04-29
7424,5,2000-04-30
7429,6,2000-05-01
7435,2,2000-05-02
7437,6,2000-05-03
7443,4,2000-05-04
7447,5,2000-05-05
7452,2,2000-05-06
7454,4,2000-05-07
7458,7,2000-05-08
7465,6,2000-05-09
7471,4,2000-05-10
7475,3,2000-05-11
7478,2,2000-05-12
7480,2,2000-05-14
7482,3,2000-05-15
7485,8,2000-05-16
7493,1,2000-05-18
7494,5,2000-05-19
7499,1,2000-05-21
7500,2,2000-05-22
7502,3,2000-05-23
7505,9,2000-05-24
7514,3,2000-05-25
7517,1,2000-05-26
7518,2,2000-05-27
7520,3,2000-05-28
7523,3,2000-05-29
7526,1,2000-05-30
7527,2,2000-05-31
7529,1,2000-06-01
7530,3,2000-06-02
7533,5,2000-06-03
7538,5,2000-06-04
7543,2,2000-06-05
7545,3,2000-06-06
7548,3,2000-06-07
7551,2,2000-06-08
7553,5,2000-06-09
7558,2,2000-06-11
7560,2,2000-06-12
7562,2,2000-06-13
7564,1,2000-06-14
7565,3,2000-06-15
7568,1,2000-06-16
7569,3,2000-06-17
7572,1,2000-06-19
7573,5,2000-06-20
7578,4,2000-06-21
7582,1,2000-06-22
7583,6,2000-06-23
7589,1,2000-06-24
7590,7,2000-06-25
7597,2,2000-06-26
7599,2,2000-06-27
7601,2,2000-06-28
7603,4,2000-06-29
7607,4,2000-06-30
7611,2,2000-07-01
7613,5,2000-07-02
7618,2,2000-07-03
7620,3,2000-07-04
7623,4,2000-07-05
7627,6,2000-07-06
7633,5,2000-07-07
7638,4,2000-07-08
7642,5,2000-07-09
7647,4,2000-07-10
7651,2,2000-07-11
7653,4,2000-07-12
7657,2,2000-07-13
7659,4,2000-07-14
7663,1,2000-07-15
7664,2,2000-07-16
7666,3,2000-07-17
7669,4,2000-07-18
7673,4,2000-07-19
7677,2,2000-07-20
7679,7,2000-07-21
7686,3,2000-07-22
7689,6,2000-07-23
7695,2,2000-07-24
7697,4,2000-07-25
7701,5,2000-07-26
7706,6,2000-07-27
7712,2,2000-07-28
7714,2,2000-07-29
7716,3,2000-07-30
7719,2,2000-07-31
7721,7,2000-08-01
7728,4,2000-08-02
7732,2,2000-08-03
7734,1,2000-08-04
7735,3,2000-08-05
7738,7,2000-08-06
7745,3,2000-08-07
7748,3,2000-08-08
7751,3,2000-08-09
7754,9,2000-08-10
7763,8,2000-08-11
7771,3,2000-08-12
7774,2,2000-08-13
7776,1,2000-08-14
7777,2,2000-08-15
7779,9,2000-08-16
7788,5,2000-08-17
7793,5,2000-08-18
7798,2,2000-08-19
7800,5,2000-08-20
7805,2,2000-08-21
7807,5,2000-08-22
7812,2,2000-08-23
7814,4,2000-08-24
7818,5,2000-08-25
7823,5,2000-08-26
7828,3,2000-08-27
7831,1,2000-08-28
7832,8,2000-08-29
7840,5,2000-08-30
7845,5,2000-08-31
7850,3,2000-09-01
7853,5,2000-09-02
7858,3,2000-09-03
7861,5,2000-09-04
7866,6,2000-09-05
7872,1,2000-09-06
7873,4,2000-09-07
7877,9,2000-09-08
7886,2,2000-09-09
7888,2,2000-09-10
7890,2,2000-09-11
7892,3,2000-09-12
7895,11,2000-09-13
7906,2,2000-09-14
7908,10,2000-09-15
7918,4,2000-09-16
7922,2,2000-09-17
7924,4,2000-09-18
7928,2,2000-09-19
7930,7,2000-09-20
7937,6,2000-09-21
7943,5,2000-09-22
7948,6,2000-09-23
7954,10,2000-09-24
7964,7,2000-09-25
7971,8,2000-09-26
7979,7,2000-09-27
7986,5,2000-09-28
7991,3,2000-09-29
7994,3,2000-09-30
7997,7,2000-10-01
8004,6,2000-10-02
8010,3,2000-10-03
8013,5,2000-10-04
8018,3,2000-10-05
8021,11,2000-10-06
8032,11,2000-10-07
8043,6,2000-10-08
8049,2,2000-10-09
8051,4,2000-10-10
8055,4,2000-10-11
8059,4,2000-10-12
8063,3,2000-10-13
8066,4,2000-10-14
8070,6,2000-10-15
8076,7,2000-10-16
8083,7,2000-10-17
8090,4,2000-10-18
8094,8,2000-10-19
8102,7,2000-10-20
8109,3,2000-10-21
8112,3,2000-10-22
8115,5,2000-10-23
8120,3,2000-10-24
8123,2,2000-10-25
8125,4,2000-10-26
8129,6,2000-10-27
8135,4,2000-10-28
8139,6,2000-10-29
8145,5,2000-10-30
8150,3,2000-10-31
8153,7,2000-11-01
8160,2,2000-11-02
8162,5,2000-11-03
8167,4,2000-11-04
8171,3,2000-11-05
8174,3,2000-11-06
8177,4,2000-11-07
8181,1,2000-11-08
8182,2,2000-11-09
8184,3,2000-11-10
8187,3,2000-11-11
8190,4,2000-11-12
8194,3,2000-11-13
8197,2,2000-11-14
8199,3,2000-11-15
8202,6,2000-11-16
8208,5,2000-11-19
8213,1,2000-11-20
8214,1,2000-11-21
8215,3,2000-11-22
8218,1,2000-11-23
8219,1,2000-11-24
8220,1,2000-11-25
8221,2,2000-11-26
8223,1,2000-11-27
8224,3,2000-11-28
8227,3,2000-11-29
8230,4,2000-11-30
8234,2,2000-12-01
8236,2,2000-12-02
8238,3,2000-12-03
8241,1,2000-12-05
8242,2,2000-12-06
8244,1,2000-12-07
8245,3,2000-12-09
8248,3,2000-12-11
8251,3,2000-12-12
8254,2,2000-12-13
8256,1,2000-12-14
8257,2,2000-12-15
8259,2,2000-12-16
8261,2,2000-12-17
8263,1,2000-12-18
8264,2,2000-12-19
8266,1,2000-12-20
8267,3,2000-12-23
8270,2,2000-12-25
8272,2,2000-12-26
8274,1,2000-12-27
8275,2,2000-12-28
8277,1,2000-12-30
8278,1,2001-01-01
8279,5,2001-01-02
8284,1,2001-01-03
8285,2,2001-01-05
8287,2,2001-01-06
8289,1,2001-01-07
8290,2,2001-01-08
8292,1,2001-01-09
8293,3,2001-01-10
8296,1,2001-01-11
8297,1,2001-01-12
8298,2,2001-01-13
8300,1,2001-01-14
8301,3,2001-01-15
8304,4,2001-01-16
8308,1,2001-01-17
8309,2,2001-01-18
8311,1,2001-01-20
8312,3,2001-01-21
8315,1,2001-01-23
8316,2,2001-01-24
8318,1,2001-01-25
8319,1,2001-01-26
8320,1,2001-01-27
8321,3,2001-01-28
8324,1,2001-01-29
8325,1,2001-01-30
8326,1,2001-01-31
8327,2,2001-02-01
8329,5,2001-02-02
8334,2,2001-02-04
8336,2,2001-02-05
8338,2,2001-02-06
8340,2,2001-02-07
8342,1,2001-02-09
8343,2,2001-02-10
8345,4,2001-02-12
8349,1,2001-02-14
8350,1,2001-02-15
8351,4,2001-02-16
8355,4,2001-02-19
8359,2,2001-02-20
8361,2,2001-02-21
8363,1,2001-02-23
8364,2,2001-02-25
8366,2,2001-02-26
8368,4,2001-02-27
8372,1,2001-02-28
8373,2,2001-03-02
8375,1,2001-03-03
8376,2,2001-03-04
8378,2,2001-03-05
8380,4,2001-03-06
8384,2,2001-03-07
8386,2,2001-03-09
8388,2,2001-03-11
8390,3,2001-03-12
8393,2,2001-03-13
8395,2,2001-03-14
8397,1,2001-03-17
8398,1,2001-03-18
8399,2,2001-03-19
8401,3,2001-03-21
8404,4,2001-03-22
8408,4,2001-03-23
8412,3,2001-03-24
8415,4,2001-03-25
8419,2,2001-03-27
8421,4,2001-03-28
8425,1,2001-03-29
8426,2,2001-03-30
8428,1,2001-03-31
8429,2,2001-04-01
8431,4,2001-04-02
8435,7,2001-04-03
8442,7,2001-04-04
8449,9,2001-04-05
8458,2,2001-04-06
8460,4,2001-04-08
8464,1,2001-04-09
8465,3,2001-04-10
8468,3,2001-04-11
8471,4,2001-04-12
8475,3,2001-04-13
8478,3,2001-04-14
8481,2,2001-04-15
8483,1,2001-04-16
8484,1,2001-04-17
8485,6,2001-04-18
8491,2,2001-04-19
8493,3,2001-04-21
8496,3,2001-04-22
8499,3,2001-04-23
8502,2,2001-04-24
8504,3,2001-04-25
8507,2,2001-04-26
8509,6,2001-04-27
8515,3,2001-04-28
8518,1,2001-04-29
8519,2,2001-04-30
8521,7,2001-05-01
8528,3,2001-05-02
8531,3,2001-05-03
8534,2,2001-05-04
8536,3,2001-05-05
8539,1,2001-05-06
8540,2,2001-05-07
8542,8,2001-05-08
8550,2,2001-05-09
8552,1,2001-05-10
8553,3,2001-05-11
8556,3,2001-05-12
8559,2,2001-05-13
8561,3,2001-05-14
8564,3,2001-05-15
8567,4,2001-05-16
8571,9,2001-05-17
8580,1,2001-05-18
8581,1,2001-05-19
8582,2,2001-05-20
8584,3,2001-05-21
8587,4,2001-05-22
8591,4,2001-05-23
8595,4,2001-05-24
8599,1,2001-05-25
8600,1,2001-05-26
8601,1,2001-05-27
8602,4,2001-05-28
8606,1,2001-05-29
8607,3,2001-05-30
8610,5,2001-05-31
8615,3,2001-06-01
8618,1,2001-06-02
8619,5,2001-06-03
8624,1,2001-06-04
8625,2,2001-06-05
8627,6,2001-06-06
8633,1,2001-06-07
8634,3,2001-06-08
8637,3,2001-06-10
8640,3,2001-06-11
8643,4,2001-06-12
8647,5,2001-06-13
8652,4,2001-06-14
8656,3,2001-06-16
8659,1,2001-06-17
8660,2,2001-06-19
8662,3,2001-06-20
8665,1,2001-06-21
8666,5,2001-06-22
8671,1,2001-06-23
8672,5,2001-06-24
8677,4,2001-06-25
8681,5,2001-06-26
8686,2,2001-06-27
8688,5,2001-06-28
8693,3,2001-06-29
8696,1,2001-06-30
8697,2,2001-07-01
8699,3,2001-07-02
8702,1,2001-07-03
8703,2,2001-07-04
8705,5,2001-07-05
8710,3,2001-07-06
8713,6,2001-07-07
8719,5,2001-07-08
8724,6,2001-07-09
8730,3,2001-07-10
8733,4,2001-07-11
8737,4,2001-07-12
8741,4,2001-07-13
8745,4,2001-07-14
8749,7,2001-07-16
8756,8,2001-07-17
8764,2,2001-07-18
8766,7,2001-07-19
8773,2,2001-07-20
8775,2,2001-07-21
8777,3,2001-07-22
8780,10,2001-07-23
8790,8,2001-07-24
8798,2,2001-07-25
8800,7,2001-07-26
8807,7,2001-07-27
8814,4,2001-07-28
8818,5,2001-07-29
8823,10,2001-07-30
8833,8,2001-07-31
8841,10,2001-08-02
8851,7,2001-08-03
8858,3,2001-08-04
8861,4,2001-08-05
8865,1,2001-08-06
8866,5,2001-08-07
8871,9,2001-08-08
8880,5,2001-08-09
8885,2,2001-08-10
8887,2,2001-08-11
8889,6,2001-08-12
8895,8,2001-08-13
8903,8,2001-08-14
8911,7,2001-08-15
8918,5,2001-08-16
8923,8,2001-08-17
8931,3,2001-08-18
8934,3,2001-08-19
8937,5,2001-08-20
8942,6,2001-08-21
8948,8,2001-08-22
8956,6,2001-08-23
8962,4,2001-08-24
8966,5,2001-08-25
8971,3,2001-08-26
8974,4,2001-08-27
8978,6,2001-08-28
8984,9,2001-08-29
8993,9,2001-08-30
9002,7,2001-08-31
9009,6,2001-09-01
9015,5,2001-09-02
9020,9,2001-09-03
9029,6,2001-09-04
9035,4,2001-09-05
9039,5,2001-09-06
9044,3,2001-09-07
9047,4,2001-09-08
9051,6,2001-09-09
9057,4,2001-09-10
9061,4,2001-09-11
9065,2,2001-09-13
9067,2,2001-09-14
9069,4,2001-09-15
9073,5,2001-09-16
9078,3,2001-09-17
9081,2,2001-09-18
9083,7,2001-09-19
9090,4,2001-09-20
9094,5,2001-09-21
9099,4,2001-09-22
9103,2,2001-09-23
9105,6,2001-09-24
9111,6,2001-09-25
9117,3,2001-09-26
9120,3,2001-09-27
9123,5,2001-09-28
9128,8,2001-09-29
9136,3,2001-09-30
9139,5,2001-10-01
9144,7,2001-10-02
9151,7,2001-10-03
9158,4,2001-10-04
9162,7,2001-10-05
9169,6,2001-10-06
9175,3,2001-10-07
9178,4,2001-10-08
9182,1,2001-10-09
9183,3,2001-10-10
9186,3,2001-10-11
9189,2,2001-10-12
9191,5,2001-10-13
9196,2,2001-10-14
9198,6,2001-10-15
9204,3,2001-10-16
9207,3,2001-10-17
9210,6,2001-10-18
9216,3,2001-10-19
9219,3,2001-10-20
9222,2,2001-10-21
9224,4,2001-10-22
9228,3,2001-10-23
9231,8,2001-10-24
9239,7,2001-10-25
9246,5,2001-10-26
9251,5,2001-10-27
9256,5,2001-10-28
9261,3,2001-10-29
9264,4,2001-10-30
9268,1,2001-10-31
9269,2,2001-11-01
9271,3,2001-11-02
9274,3,2001-11-03
9277,4,2001-11-04
9281,6,2001-11-05
9287,1,2001-11-06
9288,4,2001-11-07
9292,3,2001-11-08
9295,5,2001-11-09
9300,1,2001-11-10
9301,2,2001-11-11
9303,1,2001-11-12
9304,3,2001-11-13
9307,2,2001-11-14
9309,2,2001-11-15
9311,2,2001-11-16
9313,1,2001-11-17
9314,4,2001-11-19
9318,2,2001-11-20
9320,2,2001-11-21
9322,1,2001-11-22
9323,2,2001-11-25
9325,1,2001-11-26
9326,1,2001-11-28
9327,1,2001-11-29
9328,1,2001-11-30
9329,3,2001-12-01
9332,1,2001-12-03
9333,4,2001-12-04
9337,3,2001-12-05
9340,3,2001-12-06
9343,3,2001-12-08
9346,3,2001-12-11
9349,2,2001-12-12
9351,2,2001-12-14
9353,1,2001-12-15
9354,3,2001-12-16
9357,2,2001-12-17
9359,2,2001-12-18
9361,3,2001-12-19
9364,1,2001-12-22
9365,2,2001-12-23
9367,2,2001-12-24
9369,1,2001-12-28
9370,1,2001-12-29
9371,2,2001-12-31
9373,1,2002-01-01
9374,3,2002-01-02
9377,2,2002-01-04
9379,1,2002-01-05
9380,2,2002-01-06
9382,1,2002-01-07
9383,3,2002-01-08
9386,1,2002-01-09
9387,3,2002-01-10
9390,2,2002-01-11
9392,1,2002-01-12
9393,4,2002-01-13
9397,2,2002-01-14
9399,1,2002-01-15
9400,1,2002-01-16
9401,1,2002-01-17
9402,1,2002-01-18
9403,3,2002-01-20
9406,2,2002-01-22
9408,3,2002-01-23
9411,1,2002-01-24
9412,1,2002-01-26
9413,2,2002-01-27
9415,1,2002-01-28
9416,3,2002-01-29
9419,1,2002-02-01
9420,1,2002-02-02
9421,1,2002-02-04
9422,2,2002-02-05
9424,2,2002-02-06
9426,1,2002-02-07
9427,2,2002-02-08
9429,3,2002-02-09
9432,1,2002-02-10
9433,1,2002-02-12
9434,3,2002-02-14
9437,2,2002-02-15
9439,1,2002-02-17
9440,1,2002-02-18
9441,1,2002-02-19
9442,1,2002-02-20
9443,4,2002-02-21
9447,1,2002-02-22
9448,2,2002-02-24
9450,1,2002-02-26
9451,1,2002-02-28
9452,1,2002-03-01
9453,1,2002-03-02
9454,2,2002-03-03
9456,2,2002-03-06
9458,2,2002-03-07
9460,2,2002-03-09
9462,4,2002-03-11
9466,1,2002-03-12
9467,4,2002-03-14
9471,3,2002-03-15
9474,3,2002-03-16
9477,1,2002-03-18
9478,1,2002-03-19
9479,4,2002-03-21
9483,2,2002-03-22
9485,1,2002-03-23
9486,3,2002-03-25
9489,1,2002-03-26
9490,4,2002-03-27
9494,6,2002-03-28
9500,4,2002-03-29
9504,2,2002-03-30
9506,5,2002-03-31
9511,7,2002-04-01
9518,5,2002-04-02
9523,5,2002-04-03
9528,4,2002-04-04
9532,2,2002-04-06
9534,3,2002-04-07
9537,2,2002-04-08
9539,2,2002-04-09
9541,4,2002-04-10
9545,2,2002-04-11
9547,3,2002-04-12
9550,1,2002-04-13
9551,5,2002-04-14
9556,4,2002-04-15
9560,6,2002-04-16
9566,2,2002-04-17
9568,2,2002-04-18
9570,1,2002-04-19
9571,2,2002-04-20
9573,2,2002-04-21
9575,3,2002-04-22
9578,7,2002-04-23
9585,5,2002-04-24
9590,6,2002-04-25
9596,2,2002-04-26
9598,3,2002-04-27
9601,4,2002-04-28
9605,2,2002-04-29
9607,6,2002-04-30
9613,8,2002-05-01
9621,6,2002-05-02
9627,8,2002-05-03
9635,3,2002-05-04
9638,6,2002-05-05
9644,2,2002-05-06
9646,7,2002-05-07
9653,6,2002-05-08
9659,7,2002-05-09
9666,5,2002-05-10
9671,3,2002-05-11
9674,7,2002-05-12
9681,6,2002-05-13
9687,5,2002-05-14
9692,5,2002-05-15
9697,9,2002-05-16
9706,4,2002-05-17
9710,2,2002-05-18
9712,9,2002-05-19
9721,7,2002-05-20
9728,7,2002-05-21
9735,6,2002-05-22
9741,5,2002-05-23
9746,5,2002-05-24
9751,3,2002-05-25
9754,1,2002-05-26
9755,3,2002-05-27
9758,4,2002-05-28
9762,5,2002-05-29
9767,5,2002-05-30
9772,4,2002-05-31
9776,4,2002-06-01
9780,3,2002-06-02
9783,1,2002-06-03
9784,3,2002-06-04
9787,2,2002-06-05
9789,1,2002-06-06
9790,4,2002-06-07
9794,7,2002-06-08
9801,2,2002-06-09
9803,5,2002-06-10
9808,1,2002-06-11
9809,7,2002-06-12
9816,2,2002-06-13
9818,1,2002-06-14
9819,3,2002-06-15
9822,2,2002-06-16
9824,5,2002-06-17
9829,5,2002-06-18
9834,9,2002-06-19
9843,1,2002-06-20
9844,2,2002-06-21
9846,6,2002-06-22
9852,4,2002-06-23
9856,5,2002-06-24
9861,4,2002-06-25
9865,8,2002-06-26
9873,4,2002-06-27
9877,3,2002-06-28
9880,2,2002-06-29
9882,3,2002-06-30
9885,2,2002-07-01
9887,5,2002-07-02
9892,6,2002-07-03
9898,1,2002-07-04
9899,4,2002-07-05
9903,3,2002-07-06
9906,5,2002-07-07
9911,5,2002-07-08
9916,5,2002-07-09
9921,2,2002-07-10
9923,7,2002-07-11
9930,2,2002-07-12
9932,4,2002-07-13
9936,4,2002-07-14
9940,6,2002-07-15
9946,4,2002-07-16
9950,6,2002-07-17
9956,5,2002-07-18
9961,7,2002-07-19
9968,7,2002-07-20
9975,4,2002-07-21
9979,5,2002-07-22
9984,7,2002-07-23
9991,7,2002-07-24
9998,2,2002-07-25
